PERIODO,REGION,CANAL,FABRICANTE,CATEGORIA,MARCAS,SUBCATEGORIA,EMPAQUES,TAMANIOS,PRECIO_PROMEDIO,VENTA_LITROS,VENTA_VALOR,DIST_NUM_TIENDAS_HANDLING,DIST_POND_TIENDAS_HANDLING,PERIODO_raw,PERIODO_date,date,serie_id
45962,ANTIOQUIA,SUPERETES,POSTOBON,BEBIDAS LACTEAS,BILAC,AVENA,CAJA ASEPTICA,200-249 CC,NA,NA,NA,0,NA,45962,2025-11-01,2025-11-01,ANTIOQUIA | SUPERETES | POSTOBON | BEBIDAS LACTEAS | BILAC | AVENA | CAJA ASEPTICA | 200-249 CC
45931,SANTANDERES,SUPERETES,OTROS FABRICANTES,BEBIDAS LACTEAS,OTRAS MARCAS,YOG CTE + REF LACTEO,VASO,150-199 CC,6666.7331000000004,10.0121,66747.998399999997,0.28541775000000003,0.67220000000000002,45931,2025-10-01,2025-10-01,SANTANDERES | SUPERETES | OTROS FABRICANTES | BEBIDAS LACTEAS | OTRAS MARCAS | YOG CTE + REF LACTEO | VASO | 150-199 CC
45931,SANTANDERES,TRADICIONAL,GLORIA,BEBIDAS LACTEAS,ALGARRA,YOG CTE + REF LACTEO,VASO,150-199 CC,16338.1872,356.52769999999998,5825016.3120999997,4.0836883300000002,8.4840999999999998,45931,2025-10-01,2025-10-01,SANTANDERES | TRADICIONAL | GLORIA | BEBIDAS LACTEAS | ALGARRA | YOG CTE + REF LACTEO | VASO | 150-199 CC
45901,EJE CAFETERO,CONS LOCAL,ALPINA,BEBIDAS LACTEAS,ALPINA,KUMIS,BOLSA,1000-1500 CC,8300.0040000000008,89.017499999999998,738845.60809999995,0.49984156000000002,1.1673,45901,2025-09-01,2025-09-01,EJE CAFETERO | CONS LOCAL | ALPINA | BEBIDAS LACTEAS | ALPINA | KUMIS | BOLSA | 1000-1500 CC
45901,PACIFICO,CONS LOCAL,GLORIA,BEBIDAS LACTEAS,ALGARRA,YOG CTE + REF LACTEO,VASO,150-199 CC,18666.662700000001,157.9682,2948739.1112000002,1.0151842499999999,13.667400000000001,45901,2025-09-01,2025-09-01,PACIFICO | CONS LOCAL | GLORIA | BEBIDAS LACTEAS | ALGARRA | YOG CTE + REF LACTEO | VASO | 150-199 CC
45901,PACIFICO,SUPERETES,ALQUERIA,LECHE LARGA VIDA,ALQUERIA,SEMI-DESCREMADA/DESLACTOSADA,BOLSA,901 - 1000 CC,6512.5883999999996,4513.6890000000003,29395798.445900001,0.20030044999999999,8.1173999999999999,45901,2025-09-01,2025-09-01,PACIFICO | SUPERETES | ALQUERIA | LECHE LARGA VIDA | ALQUERIA | SEMI-DESCREMADA/DESLACTOSADA | BOLSA | 901 - 1000 CC
45870,EJE CAFETERO,CONS LOCAL,ALPINA,BEBIDAS LACTEAS,ALPINA,KUMIS,BOLSA,1000-1500 CC,8299.9997000000003,174.2867,1446579.554,0.49984156000000002,1.2881,45870,2025-08-01,2025-08-01,EJE CAFETERO | CONS LOCAL | ALPINA | BEBIDAS LACTEAS | ALPINA | KUMIS | BOLSA | 1000-1500 CC
45962,ATLANTICO,HIPERMERCADOS,COLANTA,BEBIDAS LACTEAS,COLANTA,YOG CTE + REF LACTEO,BOTELLA,1000-1500 CC,12828.161,207.14089999999999,2657236.8160000001,52.173913040000002,61.731299999999997,45962,2025-11-01,2025-11-01,ATLANTICO | HIPERMERCADOS | COLANTA | BEBIDAS LACTEAS | COLANTA | YOG CTE + REF LACTEO | BOTELLA | 1000-1500 CC
45962,CUNDI/BOYACA,HIPERMERCADOS,LACTEOS DE NARINO,BEBIDAS LACTEAS,COLACTEOS,YOG CTE + REF LACTEO,BOLSA,1000-1500 CC,8741.9087,238.9983,2089301.3093000001,25,39.022100000000002,45962,2025-11-01,2025-11-01,CUNDI/BOYACA | HIPERMERCADOS | LACTEOS DE NARINO | BEBIDAS LACTEAS | COLACTEOS | YOG CTE + REF LACTEO | BOLSA | 1000-1500 CC
45962,EJE CAFETERO,SUPERETES,ALIVAL,BEBIDAS LACTEAS,SAN FERNANDO,AVENA,CAJA ASEPTICA,500-999 CC,7851.8541999999998,42.118200000000002,330705.9656,1.145724,6.0437000000000003,45962,2025-11-01,2025-11-01,EJE CAFETERO | SUPERETES | ALIVAL | BEBIDAS LACTEAS | SAN FERNANDO | AVENA | CAJA ASEPTICA | 500-999 CC
45962,CENTRO,CONS LOCAL,SURCOLAC,BEBIDAS LACTEAS,PUREZA,YOG CTE + REF LACTEO,BOLSA,150-199 CC,8756.5264000000006,453.04059999999998,3967061.9748999998,4.5451793900000004,21.097200000000001,45962,2025-11-01,2025-11-01,CENTRO | CONS LOCAL | SURCOLAC | BEBIDAS LACTEAS | PUREZA | YOG CTE + REF LACTEO | BOLSA | 150-199 CC
45962,CENTRO,SUPERETES,POSTOBON,LECHE SABORIZADA,BILAC,CHOCOLATE,BOLSA,200-249 CC,9981.1304,121.1794,1209507.3986,6.6139735100000001,5.7070999999999996,45962,2025-11-01,2025-11-01,CENTRO | SUPERETES | POSTOBON | LECHE SABORIZADA | BILAC | CHOCOLATE | BOLSA | 200-249 CC
45931,ANTIOQUIA,SUPERETES,POSTOBON,BEBIDAS LACTEAS,BILAC,AVENA,CAJA ASEPTICA,200-249 CC,11500.07,5.0048000000000004,57555.550499999998,1.4116804000000001,0.75460000000000005,45931,2025-10-01,2025-10-01,ANTIOQUIA | SUPERETES | POSTOBON | BEBIDAS LACTEAS | BILAC | AVENA | CAJA ASEPTICA | 200-249 CC
45931,SANTANDERES,SUPERETES,PRODUCTOS LACTEOS COLFRANCE,BEBIDAS LACTEAS,COLFRANCE,AVENA,BOLSA,200-249 CC,5791.6502,947.39750000000004,5486994.8887,2.8833679299999999,19.951000000000001,45931,2025-10-01,2025-10-01,SANTANDERES | SUPERETES | PRODUCTOS LACTEOS COLFRANCE | BEBIDAS LACTEAS | COLFRANCE | AVENA | BOLSA | 200-249 CC
45931,ANTIOQUIA,CONS LOCAL,ALPINA,BEBIDAS LACTEAS,BON YURT,ADICIONES,VASO,150-199 CC,26252.489799999999,73447.787599999996,1928187295.7263999,39.873254930000002,96.270300000000006,45931,2025-10-01,2025-10-01,ANTIOQUIA | CONS LOCAL | ALPINA | BEBIDAS LACTEAS | BON YURT | ADICIONES | VASO | 150-199 CC
45931,LLANOS,SUPER CADENA,COLANTA,LECHE SABORIZADA,FRESCOLANTA,FRESA,BOLSA,200-249 CC,NA,NA,NA,0,NA,45931,2025-10-01,2025-10-01,LLANOS | SUPER CADENA | COLANTA | LECHE SABORIZADA | FRESCOLANTA | FRESA | BOLSA | 200-249 CC
45901,ANTIOQUIA,SUPER CADENA,COLANTA,BEBIDAS LACTEAS,COLANTA,LIGHT,BOTELLA,1000-1500 CC,14958.789699999999,66.8583,1000119.2461,1.08944329,5.7405999999999997,45901,2025-09-01,2025-09-01,ANTIOQUIA | SUPER CADENA | COLANTA | BEBIDAS LACTEAS | COLANTA | LIGHT | BOTELLA | 1000-1500 CC
45901,CUNDI/BOYACA,CONS LOCAL,ALPINA,BEBIDAS LACTEAS,REGENERIS,FUNCIONALES,VASO,150-199 CC,21292.048299999999,1730.0804000000001,36836955.426100001,6.9819132699999997,20.112300000000001,45901,2025-09-01,2025-09-01,CUNDI/BOYACA | CONS LOCAL | ALPINA | BEBIDAS LACTEAS | REGENERIS | FUNCIONALES | VASO | 150-199 CC
45901,SANTANDERES,TRADICIONAL,GLORIA,BEBIDAS LACTEAS,ALGARRA,YOG CTE + REF LACTEO,VASO,150-199 CC,16096.4872,340.24799999999999,5476797.5747999996,0.80312989999999995,2.9729000000000001,45901,2025-09-01,2025-09-01,SANTANDERES | TRADICIONAL | GLORIA | BEBIDAS LACTEAS | ALGARRA | YOG CTE + REF LACTEO | VASO | 150-199 CC
45901,CUNDI/BOYACA,SUPERETES,COLANTA,LECHE LARGA VIDA,COLANTA,ENTERA,CAJA,901 - 1000 CC,5765.4598999999998,2807.4373999999998,16186167.826199999,7.0797504599999996,10.536099999999999,45901,2025-09-01,2025-09-01,CUNDI/BOYACA | SUPERETES | COLANTA | LECHE LARGA VIDA | COLANTA | ENTERA | CAJA | 901 - 1000 CC
45870,ATLANTICO,HIPERMERCADOS,SAN MARTIN,BEBIDAS LACTEAS,SAN MARTIN,GRIEGO,BOTELLA,200-249 CC,39233.969100000002,351.46,13789170.7629,39.130434780000002,48.063800000000001,45870,2025-08-01,2025-08-01,ATLANTICO | HIPERMERCADOS | SAN MARTIN | BEBIDAS LACTEAS | SAN MARTIN | GRIEGO | BOTELLA | 200-249 CC
45870,EJE CAFETERO,SUPER CADENA,ALPINA,LECHE SABORIZADA,ALPIN,CHOCOLATE,BOLSA,150-199 CC,12276.0506,6279.8870999999999,77092211.753700003,41.592299320000002,35.290199999999999,45870,2025-08-01,2025-08-01,EJE CAFETERO | SUPER CADENA | ALPINA | LECHE SABORIZADA | ALPIN | CHOCOLATE | BOLSA | 150-199 CC
45870,CENTRO,SUPERETES,POSTOBON,LECHE SABORIZADA,BILAC,CHOCOLATE,BOLSA,200-249 CC,10145.1556,84.120400000000004,853414.54449999996,6.0152715199999998,4.9142999999999999,45870,2025-08-01,2025-08-01,CENTRO | SUPERETES | POSTOBON | LECHE SABORIZADA | BILAC | CHOCOLATE | BOLSA | 200-249 CC
45962,CUNDI/BOYACA,HIPERMERCADOS,FASALACT,BEBIDAS LACTEAS,SKETOS,GRIEGO,BOLSA,0 - 100CC,62942.342700000001,113.268,7129353.2725999998,60.9375,81.592699999999994,45962,2025-11-01,2025-11-01,CUNDI/BOYACA | HIPERMERCADOS | FASALACT | BEBIDAS LACTEAS | SKETOS | GRIEGO | BOLSA | 0 - 100CC
45962,ANTIOQUIA,SUPER CADENA,COLANTA,BEBIDAS LACTEAS,COLANTA,LIGHT,BOTELLA,1000-1500 CC,12385.564399999999,7.1429,88468.848199999993,0.10770447,0.53539999999999999,45962,2025-11-01,2025-11-01,ANTIOQUIA | SUPER CADENA | COLANTA | BEBIDAS LACTEAS | COLANTA | LIGHT | BOTELLA | 1000-1500 CC
45962,SANTANDERES,SUPERETES,OTROS FABRICANTES,BEBIDAS LACTEAS,OTRAS MARCAS,YOG CTE + REF LACTEO,VASO,150-199 CC,6666.7902000000004,3.0851999999999999,20568.381000000001,0.28541775000000003,0.5776,45962,2025-11-01,2025-11-01,SANTANDERES | SUPERETES | OTROS FABRICANTES | BEBIDAS LACTEAS | OTRAS MARCAS | YOG CTE + REF LACTEO | VASO | 150-199 CC
45962,ANTIOQUIA,CONS LOCAL,ALPINA,BEBIDAS LACTEAS,BON YURT,ADICIONES,VASO,150-199 CC,26199.129099999998,61948.968200000003,1623009016.6456001,40.171032250000003,95.632900000000006,45962,2025-11-01,2025-11-01,ANTIOQUIA | CONS LOCAL | ALPINA | BEBIDAS LACTEAS | BON YURT | ADICIONES | VASO | 150-199 CC
45962,EJE CAFETERO,SUPER CADENA,ALPINA,LECHE SABORIZADA,ALPIN,CHOCOLATE,BOLSA,150-199 CC,12198.5363,5196.3347999999996,63387678.897600003,41.281830810000002,34.192399999999999,45962,2025-11-01,2025-11-01,EJE CAFETERO | SUPER CADENA | ALPINA | LECHE SABORIZADA | ALPIN | CHOCOLATE | BOLSA | 150-199 CC
45931,ANTIOQUIA,SUPER CADENA,COLANTA,BEBIDAS LACTEAS,COLANTA,LIGHT,BOTELLA,1000-1500 CC,13643.997799999999,17.999400000000001,245583.77429999999,0.75964430999999999,4.4863,45931,2025-10-01,2025-10-01,ANTIOQUIA | SUPER CADENA | COLANTA | BEBIDAS LACTEAS | COLANTA | LIGHT | BOTELLA | 1000-1500 CC
45931,EJE CAFETERO,CONS LOCAL,ALPINA,BEBIDAS LACTEAS,ALPINA,KUMIS,BOLSA,1000-1500 CC,8299.9989999999998,40.058300000000003,332483.84850000002,0.49984156000000002,0.39789999999999998,45931,2025-10-01,2025-10-01,EJE CAFETERO | CONS LOCAL | ALPINA | BEBIDAS LACTEAS | ALPINA | KUMIS | BOLSA | 1000-1500 CC
45901,SANTANDERES,SUPERETES,PRODUCTOS LACTEOS COLFRANCE,BEBIDAS LACTEAS,COLFRANCE,AVENA,BOLSA,200-249 CC,5791.6502,947.39750000000004,5486994.8887,2.8833679299999999,21.688500000000001,45901,2025-09-01,2025-09-01,SANTANDERES | SUPERETES | PRODUCTOS LACTEOS COLFRANCE | BEBIDAS LACTEAS | COLFRANCE | AVENA | BOLSA | 200-249 CC
45901,SANTANDERES,SUPERETES,OTROS FABRICANTES,BEBIDAS LACTEAS,OTRAS MARCAS,YOG CTE + REF LACTEO,VASO,150-199 CC,NA,NA,NA,0,NA,45901,2025-09-01,2025-09-01,SANTANDERES | SUPERETES | OTROS FABRICANTES | BEBIDAS LACTEAS | OTRAS MARCAS | YOG CTE + REF LACTEO | VASO | 150-199 CC
45901,CENTRO,CONS LOCAL,SURCOLAC,BEBIDAS LACTEAS,PUREZA,YOG CTE + REF LACTEO,BOLSA,150-199 CC,8666.6669000000002,456.05119999999999,3952443.8484,2.27259009,11.5451,45901,2025-09-01,2025-09-01,CENTRO | CONS LOCAL | SURCOLAC | BEBIDAS LACTEAS | PUREZA | YOG CTE + REF LACTEO | BOLSA | 150-199 CC
45901,CUNDI/BOYACA,SUPERETES,PL,LECHE LARGA VIDA,PL,ENTERA,BOLSA,751 - 900 CC,3850.5356999999999,23091.845700000002,88915977.058699995,6.0091991199999999,5.4535999999999998,45901,2025-09-01,2025-09-01,CUNDI/BOYACA | SUPERETES | PL | LECHE LARGA VIDA | PL | ENTERA | BOLSA | 751 - 900 CC
45870,ANTIOQUIA,CONS LOCAL,ALPINA,BEBIDAS LACTEAS,BON YURT,ADICIONES,VASO,150-199 CC,26202.076700000001,83867.827399999995,2197511245.1683998,40.637485509999998,96.009200000000007,45870,2025-08-01,2025-08-01,ANTIOQUIA | CONS LOCAL | ALPINA | BEBIDAS LACTEAS | BON YURT | ADICIONES | VASO | 150-199 CC
45870,SANTANDERES,HIPERMERCADOS,ALPINA,LECHE SABORIZADA,ALPIN,CHOCOLATE,CAJA ASEPTICA,200-249 CC,15794.8699,537.95590000000004,8496943.4320999999,100,100,45870,2025-08-01,2025-08-01,SANTANDERES | HIPERMERCADOS | ALPINA | LECHE SABORIZADA | ALPIN | CHOCOLATE | CAJA ASEPTICA | 200-249 CC
45962,ATLANTICO,HIPERMERCADOS,SAN MARTIN,BEBIDAS LACTEAS,SAN MARTIN,GRIEGO,BOTELLA,200-249 CC,38939.354599999999,175.52780000000001,6834939.2390000001,34.782608699999997,43.547600000000003,45962,2025-11-01,2025-11-01,ATLANTICO | HIPERMERCADOS | SAN MARTIN | BEBIDAS LACTEAS | SAN MARTIN | GRIEGO | BOTELLA | 200-249 CC
45931,ATLANTICO,HIPERMERCADOS,SAN MARTIN,BEBIDAS LACTEAS,SAN MARTIN,GRIEGO,BOTELLA,200-249 CC,33858.834999999999,395.67970000000003,13397253.669500001,39.130434780000002,49.258800000000001,45931,2025-10-01,2025-10-01,ATLANTICO | HIPERMERCADOS | SAN MARTIN | BEBIDAS LACTEAS | SAN MARTIN | GRIEGO | BOTELLA | 200-249 CC
45931,ATLANTICO,HIPERMERCADOS,COLANTA,BEBIDAS LACTEAS,COLANTA,YOG CTE + REF LACTEO,BOTELLA,1000-1500 CC,12231.7358,361.85250000000002,4426084.1693000002,52.173913040000002,62.0413,45931,2025-10-01,2025-10-01,ATLANTICO | HIPERMERCADOS | COLANTA | BEBIDAS LACTEAS | COLANTA | YOG CTE + REF LACTEO | BOTELLA | 1000-1500 CC
45901,ATLANTICO,HIPERMERCADOS,SAN MARTIN,BEBIDAS LACTEAS,SAN MARTIN,GRIEGO,BOTELLA,200-249 CC,38692.826399999998,323.50220000000002,12517214.477399999,39.130434780000002,48.080500000000001,45901,2025-09-01,2025-09-01,ATLANTICO | HIPERMERCADOS | SAN MARTIN | BEBIDAS LACTEAS | SAN MARTIN | GRIEGO | BOTELLA | 200-249 CC
45901,ATLANTICO,HIPERMERCADOS,COLANTA,BEBIDAS LACTEAS,COLANTA,YOG CTE + REF LACTEO,BOTELLA,1000-1500 CC,12331.3431,495.15069999999997,6105873.1637000004,52.173913040000002,61.129100000000001,45901,2025-09-01,2025-09-01,ATLANTICO | HIPERMERCADOS | COLANTA | BEBIDAS LACTEAS | COLANTA | YOG CTE + REF LACTEO | BOTELLA | 1000-1500 CC
45901,ANTIOQUIA,SUPER CADENA,DEJA-MU,BEBIDAS LACTEAS,DEJA-MU,YOG CTE + REF LACTEO,OTROS EMPAQUES,1000-1500 CC,NA,NA,NA,0,NA,45901,2025-09-01,2025-09-01,ANTIOQUIA | SUPER CADENA | DEJA-MU | BEBIDAS LACTEAS | DEJA-MU | YOG CTE + REF LACTEO | OTROS EMPAQUES | 1000-1500 CC
45901,ANTIOQUIA,CONS LOCAL,ALPINA,BEBIDAS LACTEAS,BON YURT,ADICIONES,VASO,150-199 CC,26141.831300000002,73384.152700000006,1918396142.6715,39.873254930000002,95.707099999999997,45901,2025-09-01,2025-09-01,ANTIOQUIA | CONS LOCAL | ALPINA | BEBIDAS LACTEAS | BON YURT | ADICIONES | VASO | 150-199 CC
45901,EJE CAFETERO,SUPER CADENA,ALPINA,LECHE SABORIZADA,ALPIN,CHOCOLATE,BOLSA,150-199 CC,12265.481,6476.7179999999998,79440061.807899997,41.629576069999999,33.106999999999999,45901,2025-09-01,2025-09-01,EJE CAFETERO | SUPER CADENA | ALPINA | LECHE SABORIZADA | ALPIN | CHOCOLATE | BOLSA | 150-199 CC
45901,CENTRO,SUPERETES,POSTOBON,LECHE SABORIZADA,BILAC,CHOCOLATE,BOLSA,200-249 CC,9837.2872000000007,133.49299999999999,1313208.9746999999,6.0152715199999998,4.2396000000000003,45901,2025-09-01,2025-09-01,CENTRO | SUPERETES | POSTOBON | LECHE SABORIZADA | BILAC | CHOCOLATE | BOLSA | 200-249 CC
45901,ATLANTICO,SUPERETES,ALQUERIA,LECHE LARGA VIDA,ALQUERIA,DESCREMADA / DESLACTOSADA,BOLSA,1001 - 1100 CC,6500.0010000000002,128.13380000000001,832869.8308,2.4270565500000001,3.8330000000000002,45901,2025-09-01,2025-09-01,ATLANTICO | SUPERETES | ALQUERIA | LECHE LARGA VIDA | ALQUERIA | DESCREMADA / DESLACTOSADA | BOLSA | 1001 - 1100 CC
45901,ANTIOQUIA,SUPER CADENA,ALPINA,LECHE LARGA VIDA,ALPINA,ENTERA,BOLSA,1001 - 1100 CC,5632.1010999999999,5712.5191000000004,32173484.8972,9.6960453199999996,13.469200000000001,45901,2025-09-01,2025-09-01,ANTIOQUIA | SUPER CADENA | ALPINA | LECHE LARGA VIDA | ALPINA | ENTERA | BOLSA | 1001 - 1100 CC
45870,ANTIOQUIA,SUPERETES,POSTOBON,BEBIDAS LACTEAS,BILAC,AVENA,CAJA ASEPTICA,200-249 CC,11500.4637,6.2557999999999998,71944.600600000005,1.4116804000000001,0.84289999999999998,45870,2025-08-01,2025-08-01,ANTIOQUIA | SUPERETES | POSTOBON | BEBIDAS LACTEAS | BILAC | AVENA | CAJA ASEPTICA | 200-249 CC
45870,CENTRO,CONS LOCAL,SURCOLAC,BEBIDAS LACTEAS,PUREZA,YOG CTE + REF LACTEO,BOLSA,150-199 CC,8668.5957999999991,252.857,2191915.1346999998,4.5451793900000004,7.7145000000000001,45870,2025-08-01,2025-08-01,CENTRO | CONS LOCAL | SURCOLAC | BEBIDAS LACTEAS | PUREZA | YOG CTE + REF LACTEO | BOLSA | 150-199 CC
45870,ATLANTICO,TRADICIONAL,OTROS FABRICANTES,LECHE SABORIZADA,OTRAS MARCAS,VAINILLA,CAJA ASEPTICA,150-199 CC,11578.9509,78.313999999999993,906793.96279999998,0.4352722,2.9222999999999999,45870,2025-08-01,2025-08-01,ATLANTICO | TRADICIONAL | OTROS FABRICANTES | LECHE SABORIZADA | OTRAS MARCAS | VAINILLA | CAJA ASEPTICA | 150-199 CC
45870,LLANOS,SUPER CADENA,COLANTA,LECHE SABORIZADA,FRESCOLANTA,FRESA,BOLSA,200-249 CC,NA,NA,NA,0,NA,45870,2025-08-01,2025-08-01,LLANOS | SUPER CADENA | COLANTA | LECHE SABORIZADA | FRESCOLANTA | FRESA | BOLSA | 200-249 CC
45962,CUNDI/BOYACA,CONS LOCAL,ALPINA,BEBIDAS LACTEAS,REGENERIS,FUNCIONALES,VASO,150-199 CC,21294.955000000002,3336.5853000000002,71052433.844300002,6.8624273999999996,25.2501,45962,2025-11-01,2025-11-01,CUNDI/BOYACA | CONS LOCAL | ALPINA | BEBIDAS LACTEAS | REGENERIS | FUNCIONALES | VASO | 150-199 CC
45962,SANTANDERES,TRADICIONAL,GLORIA,BEBIDAS LACTEAS,ALGARRA,YOG CTE + REF LACTEO,VASO,150-199 CC,17134.7379,1116.9186,19138107.419199999,2.82798645,8.9453999999999994,45962,2025-11-01,2025-11-01,SANTANDERES | TRADICIONAL | GLORIA | BEBIDAS LACTEAS | ALGARRA | YOG CTE + REF LACTEO | VASO | 150-199 CC
45962,SANTANDERES,HIPERMERCADOS,ALPINA,LECHE SABORIZADA,ALPIN,CHOCOLATE,CAJA ASEPTICA,200-249 CC,17606.136900000001,277.99450000000002,4894409.2216999996,100,100,45962,2025-11-01,2025-11-01,SANTANDERES | HIPERMERCADOS | ALPINA | LECHE SABORIZADA | ALPIN | CHOCOLATE | CAJA ASEPTICA | 200-249 CC
45931,CUNDI/BOYACA,HIPERMERCADOS,FASALACT,BEBIDAS LACTEAS,SKETOS,GRIEGO,BOLSA,0 - 100CC,56214.216,134.06649999999999,7536443.1909999996,59.375,78.490700000000004,45931,2025-10-01,2025-10-01,CUNDI/BOYACA | HIPERMERCADOS | FASALACT | BEBIDAS LACTEAS | SKETOS | GRIEGO | BOLSA | 0 - 100CC
45931,CENTRO,CONS LOCAL,SURCOLAC,BEBIDAS LACTEAS,PUREZA,YOG CTE + REF LACTEO,BOLSA,150-199 CC,8666.6671999999999,326.64929999999998,2830960.7623000001,2.27259009,15.5161,45931,2025-10-01,2025-10-01,CENTRO | CONS LOCAL | SURCOLAC | BEBIDAS LACTEAS | PUREZA | YOG CTE + REF LACTEO | BOLSA | 150-199 CC
45931,CUNDI/BOYACA,CONS LOCAL,ALPINA,BEBIDAS LACTEAS,REGENERIS,FUNCIONALES,VASO,150-199 CC,21090.1433,3217.0414999999998,67847866.205500007,6.9642345299999997,22.561399999999999,45931,2025-10-01,2025-10-01,CUNDI/BOYACA | CONS LOCAL | ALPINA | BEBIDAS LACTEAS | REGENERIS | FUNCIONALES | VASO | 150-199 CC
45931,SANTANDERES,HIPERMERCADOS,ALPINA,LECHE SABORIZADA,ALPIN,CHOCOLATE,CAJA ASEPTICA,200-249 CC,15991.2325,428.50560000000002,6852332.6710999999,100,100,45931,2025-10-01,2025-10-01,SANTANDERES | HIPERMERCADOS | ALPINA | LECHE SABORIZADA | ALPIN | CHOCOLATE | CAJA ASEPTICA | 200-249 CC
45901,ANTIOQUIA,SUPERETES,POSTOBON,BEBIDAS LACTEAS,BILAC,AVENA,CAJA ASEPTICA,200-249 CC,11499.748900000001,12.1088,139248.15909999999,1.4116804000000001,1.0197000000000001,45901,2025-09-01,2025-09-01,ANTIOQUIA | SUPERETES | POSTOBON | BEBIDAS LACTEAS | BILAC | AVENA | CAJA ASEPTICA | 200-249 CC
45901,ATLANTICO,TRADICIONAL,OTROS FABRICANTES,LECHE SABORIZADA,OTRAS MARCAS,VAINILLA,CAJA ASEPTICA,150-199 CC,NA,NA,NA,0,NA,45901,2025-09-01,2025-09-01,ATLANTICO | TRADICIONAL | OTROS FABRICANTES | LECHE SABORIZADA | OTRAS MARCAS | VAINILLA | CAJA ASEPTICA | 150-199 CC
45901,LLANOS,SUPER CADENA,COLANTA,LECHE SABORIZADA,FRESCOLANTA,FRESA,BOLSA,200-249 CC,NA,NA,NA,0,NA,45901,2025-09-01,2025-09-01,LLANOS | SUPER CADENA | COLANTA | LECHE SABORIZADA | FRESCOLANTA | FRESA | BOLSA | 200-249 CC
45870,ATLANTICO,HIPERMERCADOS,PARMALAT,LECHE LARGA VIDA,PARMALAT,DESLACTOSADA,CAJA,751 - 900 CC,6402.1081999999997,26.999500000000001,172853.72,21.739130429999999,19.770299999999999,45870,2025-08-01,2025-08-01,ATLANTICO | HIPERMERCADOS | PARMALAT | LECHE LARGA VIDA | PARMALAT | DESLACTOSADA | CAJA | 751 - 900 CC
45870,PACIFICO,SUPERETES,ALQUERIA,LECHE LARGA VIDA,ALQUERIA,SEMI-DESCREMADA/DESLACTOSADA,BOLSA,901 - 1000 CC,6026.6768000000002,5238.4965000000002,31570725.521000002,0.20030044999999999,9.5822000000000003,45870,2025-08-01,2025-08-01,PACIFICO | SUPERETES | ALQUERIA | LECHE LARGA VIDA | ALQUERIA | SEMI-DESCREMADA/DESLACTOSADA | BOLSA | 901 - 1000 CC
45870,ANTIOQUIA,SUPER CADENA,ALPINA,LECHE LARGA VIDA,ALPINA,ENTERA,BOLSA,1001 - 1100 CC,6026.5079999999998,4544.1435000000001,27385317.0689,10.030314969999999,14.0238,45870,2025-08-01,2025-08-01,ANTIOQUIA | SUPER CADENA | ALPINA | LECHE LARGA VIDA | ALPINA | ENTERA | BOLSA | 1001 - 1100 CC
45901,CENTRO,TRADICIONAL,EL RECREO,LECHE LARGA VIDA,EL RECREO,ENTERA,CAJA,751 - 900 CC,5333.3335999999999,661.93759999999997,3530334.0336000002,0.38768862999999998,3.7416999999999998,45901,2025-09-01,2025-09-01,CENTRO | TRADICIONAL | EL RECREO | LECHE LARGA VIDA | EL RECREO | ENTERA | CAJA | 751 - 900 CC
45870,ANTIOQUIA,SUPER CADENA,COLANTA,BEBIDAS LACTEAS,COLANTA,LIGHT,BOTELLA,1000-1500 CC,17928.722300000001,113.9987,2043851.0374,1.42031441,7.4808000000000003,45870,2025-08-01,2025-08-01,ANTIOQUIA | SUPER CADENA | COLANTA | BEBIDAS LACTEAS | COLANTA | LIGHT | BOTELLA | 1000-1500 CC
45870,EJE CAFETERO,SUPERETES,ALIVAL,BEBIDAS LACTEAS,SAN FERNANDO,AVENA,CAJA ASEPTICA,500-999 CC,7622.2254000000003,36.149099999999997,275536.58740000002,0.57285713999999999,3.0851999999999999,45870,2025-08-01,2025-08-01,EJE CAFETERO | SUPERETES | ALIVAL | BEBIDAS LACTEAS | SAN FERNANDO | AVENA | CAJA ASEPTICA | 500-999 CC
45870,SANTANDERES,SUPERETES,OTROS FABRICANTES,BEBIDAS LACTEAS,OTRAS MARCAS,YOG CTE + REF LACTEO,VASO,150-199 CC,6666.6763000000001,31.0396,206930.96489999999,0.28541775000000003,0.74860000000000004,45870,2025-08-01,2025-08-01,SANTANDERES | SUPERETES | OTROS FABRICANTES | BEBIDAS LACTEAS | OTRAS MARCAS | YOG CTE + REF LACTEO | VASO | 150-199 CC
45870,PACIFICO,CONS LOCAL,GLORIA,BEBIDAS LACTEAS,ALGARRA,YOG CTE + REF LACTEO,VASO,150-199 CC,18666.671600000001,105.1459,1962723.9861000001,1.0151842499999999,16.191700000000001,45870,2025-08-01,2025-08-01,PACIFICO | CONS LOCAL | GLORIA | BEBIDAS LACTEAS | ALGARRA | YOG CTE + REF LACTEO | VASO | 150-199 CC
45962,LLANOS,SUPER CADENA,COLANTA,LECHE SABORIZADA,FRESCOLANTA,FRESA,BOLSA,200-249 CC,9250,0.2,1850,0.70241145000000005,0.57930000000000004,45962,2025-11-01,2025-11-01,LLANOS | SUPER CADENA | COLANTA | LECHE SABORIZADA | FRESCOLANTA | FRESA | BOLSA | 200-249 CC
45931,CENTRO,SUPERETES,POSTOBON,LECHE SABORIZADA,BILAC,CHOCOLATE,BOLSA,200-249 CC,9893.0038999999997,91.456100000000006,904775.55339999998,4.40931126,2.9157000000000002,45931,2025-10-01,2025-10-01,CENTRO | SUPERETES | POSTOBON | LECHE SABORIZADA | BILAC | CHOCOLATE | BOLSA | 200-249 CC
45901,CUNDI/BOYACA,HIPERMERCADOS,FASALACT,BEBIDAS LACTEAS,SKETOS,GRIEGO,BOLSA,0 - 100CC,61514.561199999996,109.4084,6730209.7154000001,60.9375,78.308999999999997,45901,2025-09-01,2025-09-01,CUNDI/BOYACA | HIPERMERCADOS | FASALACT | BEBIDAS LACTEAS | SKETOS | GRIEGO | BOLSA | 0 - 100CC
45901,CUNDI/BOYACA,HIPERMERCADOS,LACTEOS DE NARINO,BEBIDAS LACTEAS,COLACTEOS,YOG CTE + REF LACTEO,BOLSA,1000-1500 CC,8818.9426999999996,153.57400000000001,1354360.3003,21.875,36.126300000000001,45901,2025-09-01,2025-09-01,CUNDI/BOYACA | HIPERMERCADOS | LACTEOS DE NARINO | BEBIDAS LACTEAS | COLACTEOS | YOG CTE + REF LACTEO | BOLSA | 1000-1500 CC
45901,EJE CAFETERO,SUPERETES,ALIVAL,BEBIDAS LACTEAS,SAN FERNANDO,AVENA,CAJA ASEPTICA,500-999 CC,7500.7290999999996,34.191600000000001,256461.93030000001,1.7185811499999999,6.2587999999999999,45901,2025-09-01,2025-09-01,EJE CAFETERO | SUPERETES | ALIVAL | BEBIDAS LACTEAS | SAN FERNANDO | AVENA | CAJA ASEPTICA | 500-999 CC
45870,CUNDI/BOYACA,SUPERETES,PL,LECHE LARGA VIDA,PL,ENTERA,BOLSA,751 - 900 CC,3939.0796,26104.2906,102826877.8434,5.5948120000000001,6.9709000000000003,45870,2025-08-01,2025-08-01,CUNDI/BOYACA | SUPERETES | PL | LECHE LARGA VIDA | PL | ENTERA | BOLSA | 751 - 900 CC
45870,CENTRO,TRADICIONAL,EL RECREO,LECHE LARGA VIDA,EL RECREO,ENTERA,CAJA,751 - 900 CC,5333.3330999999998,1029.1566,5488834.9797,0.38768862999999998,4.1805000000000003,45870,2025-08-01,2025-08-01,CENTRO | TRADICIONAL | EL RECREO | LECHE LARGA VIDA | EL RECREO | ENTERA | CAJA | 751 - 900 CC
45870,CUNDI/BOYACA,HIPERMERCADOS,FASALACT,BEBIDAS LACTEAS,SKETOS,GRIEGO,BOLSA,0 - 100CC,59769.796499999997,126.5694,7565027.2797999997,62.5,81.433899999999994,45870,2025-08-01,2025-08-01,CUNDI/BOYACA | HIPERMERCADOS | FASALACT | BEBIDAS LACTEAS | SKETOS | GRIEGO | BOLSA | 0 - 100CC
45870,CUNDI/BOYACA,HIPERMERCADOS,LACTEOS DE NARINO,BEBIDAS LACTEAS,COLACTEOS,YOG CTE + REF LACTEO,BOLSA,1000-1500 CC,8862.9043000000001,106.2838,941983.14469999995,20.3125,34.130699999999997,45870,2025-08-01,2025-08-01,CUNDI/BOYACA | HIPERMERCADOS | LACTEOS DE NARINO | BEBIDAS LACTEAS | COLACTEOS | YOG CTE + REF LACTEO | BOLSA | 1000-1500 CC
45870,ANTIOQUIA,SUPER CADENA,DEJA-MU,BEBIDAS LACTEAS,DEJA-MU,YOG CTE + REF LACTEO,OTROS EMPAQUES,1000-1500 CC,NA,NA,NA,0,NA,45870,2025-08-01,2025-08-01,ANTIOQUIA | SUPER CADENA | DEJA-MU | BEBIDAS LACTEAS | DEJA-MU | YOG CTE + REF LACTEO | OTROS EMPAQUES | 1000-1500 CC
45870,CUNDI/BOYACA,CONS LOCAL,ALPINA,BEBIDAS LACTEAS,REGENERIS,FUNCIONALES,VASO,150-199 CC,20663.355200000002,1890.4303,39062632.6932,5.9641969100000001,21.837700000000002,45870,2025-08-01,2025-08-01,CUNDI/BOYACA | CONS LOCAL | ALPINA | BEBIDAS LACTEAS | REGENERIS | FUNCIONALES | VASO | 150-199 CC
45870,SANTANDERES,TRADICIONAL,GLORIA,BEBIDAS LACTEAS,ALGARRA,YOG CTE + REF LACTEO,VASO,150-199 CC,15960.126200000001,480.91789999999997,7675510.3553999998,1.9861703399999999,6.0046999999999997,45870,2025-08-01,2025-08-01,SANTANDERES | TRADICIONAL | GLORIA | BEBIDAS LACTEAS | ALGARRA | YOG CTE + REF LACTEO | VASO | 150-199 CC
45992,ATLANTICO,HIPERMERCADOS,SAN MARTIN,BEBIDAS LACTEAS,SAN MARTIN,GRIEGO,BOTELLA,200-249 CC,37775.840700000001,179.3323,6774428.4002999999,34.782608699999997,43.303899999999999,45992,2025-12-01,2025-12-01,ATLANTICO | HIPERMERCADOS | SAN MARTIN | BEBIDAS LACTEAS | SAN MARTIN | GRIEGO | BOTELLA | 200-249 CC
45992,ATLANTICO,HIPERMERCADOS,COLANTA,BEBIDAS LACTEAS,COLANTA,YOG CTE + REF LACTEO,BOTELLA,1000-1500 CC,13203.2029,438.71589999999998,5792455.0239000004,52.173913040000002,60.860799999999998,45992,2025-12-01,2025-12-01,ATLANTICO | HIPERMERCADOS | COLANTA | BEBIDAS LACTEAS | COLANTA | YOG CTE + REF LACTEO | BOTELLA | 1000-1500 CC
45992,CUNDI/BOYACA,HIPERMERCADOS,FASALACT,BEBIDAS LACTEAS,SKETOS,GRIEGO,BOLSA,0 - 100CC,59466.246599999999,109.2465,6496479.3060999997,60.9375,80.153099999999995,45992,2025-12-01,2025-12-01,CUNDI/BOYACA | HIPERMERCADOS | FASALACT | BEBIDAS LACTEAS | SKETOS | GRIEGO | BOLSA | 0 - 100CC
45992,CUNDI/BOYACA,HIPERMERCADOS,LACTEOS DE NARINO,BEBIDAS LACTEAS,COLACTEOS,YOG CTE + REF LACTEO,BOLSA,1000-1500 CC,8841.3616999999995,198.57419999999999,1755666.3352999999,25,39.013399999999997,45992,2025-12-01,2025-12-01,CUNDI/BOYACA | HIPERMERCADOS | LACTEOS DE NARINO | BEBIDAS LACTEAS | COLACTEOS | YOG CTE + REF LACTEO | BOLSA | 1000-1500 CC
45992,ANTIOQUIA,SUPER CADENA,COLANTA,BEBIDAS LACTEAS,COLANTA,LIGHT,BOTELLA,1000-1500 CC,16873.656900000002,9.5714000000000006,161504.51999999999,0.32108828,0.86709999999999998,45992,2025-12-01,2025-12-01,ANTIOQUIA | SUPER CADENA | COLANTA | BEBIDAS LACTEAS | COLANTA | LIGHT | BOTELLA | 1000-1500 CC
45992,PACIFICO,SUPER CADENA,OTROS FABRICANTES,BEBIDAS LACTEAS,OTRAS MARCAS,YOG CTE + REF LACTEO,BOTELLA,200-249 CC,30016.012299999999,5.7099999999999998E-2,1713.9142999999999,0.15495352000000001,0.1772,45992,2025-12-01,2025-12-01,PACIFICO | SUPER CADENA | OTROS FABRICANTES | BEBIDAS LACTEAS | OTRAS MARCAS | YOG CTE + REF LACTEO | BOTELLA | 200-249 CC
45992,EJE CAFETERO,SUPERETES,ALIVAL,BEBIDAS LACTEAS,SAN FERNANDO,AVENA,CAJA ASEPTICA,500-999 CC,7995.5977999999996,52.039900000000003,416090.11210000003,1.7185811499999999,7.2328000000000001,45992,2025-12-01,2025-12-01,EJE CAFETERO | SUPERETES | ALIVAL | BEBIDAS LACTEAS | SAN FERNANDO | AVENA | CAJA ASEPTICA | 500-999 CC
45992,SANTANDERES,SUPERETES,PRODUCTOS LACTEOS COLFRANCE,BEBIDAS LACTEAS,COLFRANCE,AVENA,BOLSA,200-249 CC,5791.6502,1136.877,6584393.8663999997,2.8833679299999999,19.8035,45992,2025-12-01,2025-12-01,SANTANDERES | SUPERETES | PRODUCTOS LACTEOS COLFRANCE | BEBIDAS LACTEAS | COLFRANCE | AVENA | BOLSA | 200-249 CC
45992,SANTANDERES,SUPERETES,OTROS FABRICANTES,BEBIDAS LACTEAS,OTRAS MARCAS,YOG CTE + REF LACTEO,VASO,150-199 CC,11916.299800000001,6.3761999999999999,75980.710999999996,0.28541775000000003,0.54090000000000005,45992,2025-12-01,2025-12-01,SANTANDERES | SUPERETES | OTROS FABRICANTES | BEBIDAS LACTEAS | OTRAS MARCAS | YOG CTE + REF LACTEO | VASO | 150-199 CC
45992,ANTIOQUIA,CONS LOCAL,ALPINA,BEBIDAS LACTEAS,BON YURT,ADICIONES,VASO,150-199 CC,26270.6175,70340.135500000004,1847878793.8855,39.645093410000001,97.1173,45992,2025-12-01,2025-12-01,ANTIOQUIA | CONS LOCAL | ALPINA | BEBIDAS LACTEAS | BON YURT | ADICIONES | VASO | 150-199 CC
45992,CENTRO,CONS LOCAL,SURCOLAC,BEBIDAS LACTEAS,PUREZA,YOG CTE + REF LACTEO,BOLSA,150-199 CC,8885.3377,431.9264,3837811.9081000001,4.5451793900000004,17.133900000000001,45992,2025-12-01,2025-12-01,CENTRO | CONS LOCAL | SURCOLAC | BEBIDAS LACTEAS | PUREZA | YOG CTE + REF LACTEO | BOLSA | 150-199 CC
45992,EJE CAFETERO,CONS LOCAL,ALPINA,BEBIDAS LACTEAS,ALPINA,KUMIS,BOLSA,1000-1500 CC,8986.8011999999999,77.608900000000006,697455.75690000004,0.49984156000000002,0.41460000000000002,45992,2025-12-01,2025-12-01,EJE CAFETERO | CONS LOCAL | ALPINA | BEBIDAS LACTEAS | ALPINA | KUMIS | BOLSA | 1000-1500 CC
45992,CUNDI/BOYACA,CONS LOCAL,ALPINA,BEBIDAS LACTEAS,REGENERIS,FUNCIONALES,VASO,150-199 CC,21829.308799999999,3839.7051000000001,83818108.439899996,7.7649515999999998,29.320699999999999,45992,2025-12-01,2025-12-01,CUNDI/BOYACA | CONS LOCAL | ALPINA | BEBIDAS LACTEAS | REGENERIS | FUNCIONALES | VASO | 150-199 CC
45992,SANTANDERES,TRADICIONAL,GLORIA,BEBIDAS LACTEAS,ALGARRA,YOG CTE + REF LACTEO,VASO,150-199 CC,16579.452799999999,117.4743,1947659.6131,2.82798645,8.8181999999999992,45992,2025-12-01,2025-12-01,SANTANDERES | TRADICIONAL | GLORIA | BEBIDAS LACTEAS | ALGARRA | YOG CTE + REF LACTEO | VASO | 150-199 CC
45992,SANTANDERES,HIPERMERCADOS,ALPINA,LECHE SABORIZADA,ALPIN,CHOCOLATE,CAJA ASEPTICA,200-249 CC,17383.890800000001,342.81220000000002,5959409.8443,100,100,45992,2025-12-01,2025-12-01,SANTANDERES | HIPERMERCADOS | ALPINA | LECHE SABORIZADA | ALPIN | CHOCOLATE | CAJA ASEPTICA | 200-249 CC
45992,EJE CAFETERO,SUPER CADENA,ALPINA,LECHE SABORIZADA,ALPIN,CHOCOLATE,BOLSA,150-199 CC,12572.5924,4992.1319000000003,62764039.688199997,41.265659710000001,38.409199999999998,45992,2025-12-01,2025-12-01,EJE CAFETERO | SUPER CADENA | ALPINA | LECHE SABORIZADA | ALPIN | CHOCOLATE | BOLSA | 150-199 CC
45992,LLANOS,SUPER CADENA,COLANTA,LECHE SABORIZADA,FRESCOLANTA,FRESA,BOLSA,200-249 CC,9250,0.4,3700,0.70135769000000003,0.89949999999999997,45992,2025-12-01,2025-12-01,LLANOS | SUPER CADENA | COLANTA | LECHE SABORIZADA | FRESCOLANTA | FRESA | BOLSA | 200-249 CC
45992,ATLANTICO,SUPERETES,ALPINA,LECHE SABORIZADA,ALPIN,CHOCOLATE,BOLSA,200-249 CC,11500.016799999999,28.744399999999999,330561.08230000001,0.81332300999999996,18.111799999999999,45992,2025-12-01,2025-12-01,ATLANTICO | SUPERETES | ALPINA | LECHE SABORIZADA | ALPIN | CHOCOLATE | BOLSA | 200-249 CC
45992,CENTRO,SUPERETES,POSTOBON,LECHE SABORIZADA,BILAC,CHOCOLATE,BOLSA,200-249 CC,10203.126200000001,73.164900000000003,746510.71010000003,6.6139735100000001,3.2189000000000001,45992,2025-12-01,2025-12-01,CENTRO | SUPERETES | POSTOBON | LECHE SABORIZADA | BILAC | CHOCOLATE | BOLSA | 200-249 CC
45931,ATLANTICO,HIPERMERCADOS,PARMALAT,LECHE LARGA VIDA,PARMALAT,DESLACTOSADA,CAJA,751 - 900 CC,6541.6803,112.2414,734247.35,52.173913040000002,42.717599999999997,45931,2025-10-01,2025-10-01,ATLANTICO | HIPERMERCADOS | PARMALAT | LECHE LARGA VIDA | PARMALAT | DESLACTOSADA | CAJA | 751 - 900 CC
45962,ATLANTICO,HIPERMERCADOS,PARMALAT,LECHE LARGA VIDA,PARMALAT,DESLACTOSADA,CAJA,751 - 900 CC,6684.0137000000004,132.29949999999999,884291.67200000002,50,36.221899999999998,45962,2025-11-01,2025-11-01,ATLANTICO | HIPERMERCADOS | PARMALAT | LECHE LARGA VIDA | PARMALAT | DESLACTOSADA | CAJA | 751 - 900 CC
45992,ATLANTICO,HIPERMERCADOS,PARMALAT,LECHE LARGA VIDA,PARMALAT,DESLACTOSADA,CAJA,751 - 900 CC,6669.7501000000002,155.31479999999999,1035910.9007999999,52.173913040000002,40.186900000000001,45992,2025-12-01,2025-12-01,ATLANTICO | HIPERMERCADOS | PARMALAT | LECHE LARGA VIDA | PARMALAT | DESLACTOSADA | CAJA | 751 - 900 CC
45931,ATLANTICO,SUPERETES,ALQUERIA,LECHE LARGA VIDA,ALQUERIA,DESCREMADA / DESLACTOSADA,BOLSA,1001 - 1100 CC,6018.8653999999997,164.22839999999999,988468.62840000005,2.1843532099999998,4.0716000000000001,45931,2025-10-01,2025-10-01,ATLANTICO | SUPERETES | ALQUERIA | LECHE LARGA VIDA | ALQUERIA | DESCREMADA / DESLACTOSADA | BOLSA | 1001 - 1100 CC
45962,ATLANTICO,SUPERETES,ALQUERIA,LECHE LARGA VIDA,ALQUERIA,DESCREMADA / DESLACTOSADA,BOLSA,1001 - 1100 CC,5705.4921999999997,163.18879999999999,931072.42810000002,2.1843532099999998,4.2781000000000002,45962,2025-11-01,2025-11-01,ATLANTICO | SUPERETES | ALQUERIA | LECHE LARGA VIDA | ALQUERIA | DESCREMADA / DESLACTOSADA | BOLSA | 1001 - 1100 CC
45992,ATLANTICO,SUPERETES,ALQUERIA,LECHE LARGA VIDA,ALQUERIA,DESCREMADA / DESLACTOSADA,BOLSA,1001 - 1100 CC,5727.2727999999997,119.1391,682342.12210000004,1.4562354799999999,4.335,45992,2025-12-01,2025-12-01,ATLANTICO | SUPERETES | ALQUERIA | LECHE LARGA VIDA | ALQUERIA | DESCREMADA / DESLACTOSADA | BOLSA | 1001 - 1100 CC
45931,CUNDI/BOYACA,SUPERETES,COLANTA,LECHE LARGA VIDA,COLANTA,ENTERA,CAJA,901 - 1000 CC,5705.1237000000001,1481.7362000000001,8453488.2786999997,4.72123925,8.2590000000000003,45931,2025-10-01,2025-10-01,CUNDI/BOYACA | SUPERETES | COLANTA | LECHE LARGA VIDA | COLANTA | ENTERA | CAJA | 901 - 1000 CC
45931,CUNDI/BOYACA,SUPERETES,PL,LECHE LARGA VIDA,PL,ENTERA,BOLSA,751 - 900 CC,3900.7644,15157.8333,59127137.037600003,6.1092379000000001,5.3460000000000001,45931,2025-10-01,2025-10-01,CUNDI/BOYACA | SUPERETES | PL | LECHE LARGA VIDA | PL | ENTERA | BOLSA | 751 - 900 CC
45962,CUNDI/BOYACA,SUPERETES,COLANTA,LECHE LARGA VIDA,COLANTA,ENTERA,CAJA,901 - 1000 CC,5764.2102999999997,1704.4876999999999,9825025.5215000007,5.5356971799999997,9.3952000000000009,45962,2025-11-01,2025-11-01,CUNDI/BOYACA | SUPERETES | COLANTA | LECHE LARGA VIDA | COLANTA | ENTERA | CAJA | 901 - 1000 CC
45962,CUNDI/BOYACA,SUPERETES,PL,LECHE LARGA VIDA,PL,ENTERA,BOLSA,751 - 900 CC,3865.3939999999998,22230.896499999999,85931174.812600002,4.7544916500000003,7.7055999999999996,45962,2025-11-01,2025-11-01,CUNDI/BOYACA | SUPERETES | PL | LECHE LARGA VIDA | PL | ENTERA | BOLSA | 751 - 900 CC
45992,CUNDI/BOYACA,SUPERETES,COLANTA,LECHE LARGA VIDA,COLANTA,ENTERA,CAJA,901 - 1000 CC,5628.3734000000004,1091.576,6143797.2987000002,4.6942623499999998,9.1285000000000007,45992,2025-12-01,2025-12-01,CUNDI/BOYACA | SUPERETES | COLANTA | LECHE LARGA VIDA | COLANTA | ENTERA | CAJA | 901 - 1000 CC
45992,CUNDI/BOYACA,SUPERETES,PL,LECHE LARGA VIDA,PL,ENTERA,BOLSA,751 - 900 CC,3885.3676,22935.804800000002,89114033.165000007,4.7544916500000003,7.8986000000000001,45992,2025-12-01,2025-12-01,CUNDI/BOYACA | SUPERETES | PL | LECHE LARGA VIDA | PL | ENTERA | BOLSA | 751 - 900 CC
45931,PACIFICO,SUPERETES,ALQUERIA,LECHE LARGA VIDA,ALQUERIA,SEMI-DESCREMADA/DESLACTOSADA,BOLSA,901 - 1000 CC,6466.6037999999999,6373.7718000000004,41216656.705300003,0.20030044999999999,9.0601000000000003,45931,2025-10-01,2025-10-01,PACIFICO | SUPERETES | ALQUERIA | LECHE LARGA VIDA | ALQUERIA | SEMI-DESCREMADA/DESLACTOSADA | BOLSA | 901 - 1000 CC
45962,PACIFICO,SUPERETES,ALQUERIA,LECHE LARGA VIDA,ALQUERIA,SEMI-DESCREMADA/DESLACTOSADA,BOLSA,901 - 1000 CC,7077.6466,4107.8746000000001,29074084.504500002,0.20030044999999999,8.1090999999999998,45962,2025-11-01,2025-11-01,PACIFICO | SUPERETES | ALQUERIA | LECHE LARGA VIDA | ALQUERIA | SEMI-DESCREMADA/DESLACTOSADA | BOLSA | 901 - 1000 CC
45992,PACIFICO,SUPERETES,ALQUERIA,LECHE LARGA VIDA,ALQUERIA,SEMI-DESCREMADA/DESLACTOSADA,BOLSA,901 - 1000 CC,7515.1432999999997,5155.3317999999999,38743057.436099999,0.20030044999999999,9.3793000000000006,45992,2025-12-01,2025-12-01,PACIFICO | SUPERETES | ALQUERIA | LECHE LARGA VIDA | ALQUERIA | SEMI-DESCREMADA/DESLACTOSADA | BOLSA | 901 - 1000 CC
45931,ANTIOQUIA,SUPER CADENA,ALPINA,LECHE LARGA VIDA,ALPINA,ENTERA,BOLSA,1001 - 1100 CC,5750.6329999999998,5902.2631000000001,33941748.704800002,9.1612452500000003,13.410399999999999,45931,2025-10-01,2025-10-01,ANTIOQUIA | SUPER CADENA | ALPINA | LECHE LARGA VIDA | ALPINA | ENTERA | BOLSA | 1001 - 1100 CC
45962,ANTIOQUIA,SUPER CADENA,ALPINA,LECHE LARGA VIDA,ALPINA,ENTERA,BOLSA,1001 - 1100 CC,6025.1385,5272.0186999999996,31764642.939399999,9.3702886000000003,13.875999999999999,45962,2025-11-01,2025-11-01,ANTIOQUIA | SUPER CADENA | ALPINA | LECHE LARGA VIDA | ALPINA | ENTERA | BOLSA | 1001 - 1100 CC
45992,ANTIOQUIA,SUPER CADENA,ALPINA,LECHE LARGA VIDA,ALPINA,ENTERA,BOLSA,1001 - 1100 CC,6037.2039999999997,5667.1450000000004,34213710.658299997,9.4185894099999992,14.2026,45992,2025-12-01,2025-12-01,ANTIOQUIA | SUPER CADENA | ALPINA | LECHE LARGA VIDA | ALPINA | ENTERA | BOLSA | 1001 - 1100 CC
45931,CENTRO,TRADICIONAL,EL RECREO,LECHE LARGA VIDA,EL RECREO,ENTERA,CAJA,751 - 900 CC,5333.3333000000002,900.51199999999994,4802730.6072000004,0.38768862999999998,4.0119999999999996,45931,2025-10-01,2025-10-01,CENTRO | TRADICIONAL | EL RECREO | LECHE LARGA VIDA | EL RECREO | ENTERA | CAJA | 751 - 900 CC
45962,CENTRO,TRADICIONAL,EL RECREO,LECHE LARGA VIDA,EL RECREO,ENTERA,CAJA,751 - 900 CC,5333.3334000000004,822.54650000000004,4386914.7119000005,0.40259919,4.4276999999999997,45962,2025-11-01,2025-11-01,CENTRO | TRADICIONAL | EL RECREO | LECHE LARGA VIDA | EL RECREO | ENTERA | CAJA | 751 - 900 CC
45992,CENTRO,TRADICIONAL,EL RECREO,LECHE LARGA VIDA,EL RECREO,ENTERA,CAJA,751 - 900 CC,5333.3334000000004,824.98969999999997,4399945.1517000003,0.40259919,4.0944000000000003,45992,2025-12-01,2025-12-01,CENTRO | TRADICIONAL | EL RECREO | LECHE LARGA VIDA | EL RECREO | ENTERA | CAJA | 751 - 900 CC
45931,ANTIOQUIA,TRADICIONAL,ALPINA,LECHE LARGA VIDA,ALPINA,ENTERA,BOLSA,1001 - 1100 CC,5454.5456999999997,789.44949999999994,4306088.3945000004,0.75235211000000002,0.8236,45931,2025-10-01,2025-10-01,ANTIOQUIA | TRADICIONAL | ALPINA | LECHE LARGA VIDA | ALPINA | ENTERA | BOLSA | 1001 - 1100 CC
45962,ANTIOQUIA,TRADICIONAL,ALPINA,LECHE LARGA VIDA,ALPINA,ENTERA,BOLSA,1001 - 1100 CC,5454.5454,2819.3283999999999,15378154.83,0.75235211000000002,0.98499999999999999,45962,2025-11-01,2025-11-01,ANTIOQUIA | TRADICIONAL | ALPINA | LECHE LARGA VIDA | ALPINA | ENTERA | BOLSA | 1001 - 1100 CC
45992,ANTIOQUIA,TRADICIONAL,ALPINA,LECHE LARGA VIDA,ALPINA,ENTERA,BOLSA,1001 - 1100 CC,5454.5451999999996,1127.7313999999999,6151261.932,0.75235211000000002,0.4713,45992,2025-12-01,2025-12-01,ANTIOQUIA | TRADICIONAL | ALPINA | LECHE LARGA VIDA | ALPINA | ENTERA | BOLSA | 1001 - 1100 CC
45870,ANTIOQUIA,TRADICIONAL,ALPINA,QUESOS,ALPINA,MADUROS,BLOQUE/ENTERO,200-299 GRS,NA,NA,NA,0,NA,45870,2025-08-01,2025-08-01,ANTIOQUIA | TRADICIONAL | ALPINA | QUESOS | ALPINA | MADUROS | BLOQUE/ENTERO | 200-299 GRS
45901,ANTIOQUIA,TRADICIONAL,ALPINA,QUESOS,ALPINA,MADUROS,BLOQUE/ENTERO,200-299 GRS,NA,NA,NA,0,NA,45901,2025-09-01,2025-09-01,ANTIOQUIA | TRADICIONAL | ALPINA | QUESOS | ALPINA | MADUROS | BLOQUE/ENTERO | 200-299 GRS
45931,ANTIOQUIA,TRADICIONAL,ALPINA,QUESOS,ALPINA,MADUROS,BLOQUE/ENTERO,200-299 GRS,NA,0,0,0.15809597,0.32700000000000001,45931,2025-10-01,2025-10-01,ANTIOQUIA | TRADICIONAL | ALPINA | QUESOS | ALPINA | MADUROS | BLOQUE/ENTERO | 200-299 GRS
45962,ANTIOQUIA,TRADICIONAL,ALPINA,QUESOS,ALPINA,MADUROS,BLOQUE/ENTERO,200-299 GRS,99525.960500000001,7.7834000000000003,774650.36109999998,0.15809597,0.36959999999999998,45962,2025-11-01,2025-11-01,ANTIOQUIA | TRADICIONAL | ALPINA | QUESOS | ALPINA | MADUROS | BLOQUE/ENTERO | 200-299 GRS
45992,ANTIOQUIA,TRADICIONAL,ALPINA,QUESOS,ALPINA,MADUROS,BLOQUE/ENTERO,200-299 GRS,NA,NA,NA,0,NA,45992,2025-12-01,2025-12-01,ANTIOQUIA | TRADICIONAL | ALPINA | QUESOS | ALPINA | MADUROS | BLOQUE/ENTERO | 200-299 GRS
45870,CUNDI/BOYACA,TRADICIONAL,COLANTA,QUESOS,COLANTA,FILADOS,BLOQUE/ENTERO,500-999 GRS,39099.998800000001,556.4615,21757643.991,0.22925237000000001,5.3014000000000001,45870,2025-08-01,2025-08-01,CUNDI/BOYACA | TRADICIONAL | COLANTA | QUESOS | COLANTA | FILADOS | BLOQUE/ENTERO | 500-999 GRS
45901,CUNDI/BOYACA,TRADICIONAL,COLANTA,QUESOS,COLANTA,FILADOS,BLOQUE/ENTERO,500-999 GRS,39100.125899999999,590.85640000000001,23102559.636300001,0.22925237000000001,5.9082999999999997,45901,2025-09-01,2025-09-01,CUNDI/BOYACA | TRADICIONAL | COLANTA | QUESOS | COLANTA | FILADOS | BLOQUE/ENTERO | 500-999 GRS
45931,CUNDI/BOYACA,TRADICIONAL,COLANTA,QUESOS,COLANTA,FILADOS,BLOQUE/ENTERO,500-999 GRS,39025.617200000001,720.02560000000005,28099443.469700001,0.52361751000000001,9.7170000000000005,45931,2025-10-01,2025-10-01,CUNDI/BOYACA | TRADICIONAL | COLANTA | QUESOS | COLANTA | FILADOS | BLOQUE/ENTERO | 500-999 GRS
45962,CUNDI/BOYACA,TRADICIONAL,COLANTA,QUESOS,COLANTA,FILADOS,BLOQUE/ENTERO,500-999 GRS,38977.001199999999,448.61930000000001,17485835.009,0.53311335999999998,9.4703999999999997,45962,2025-11-01,2025-11-01,CUNDI/BOYACA | TRADICIONAL | COLANTA | QUESOS | COLANTA | FILADOS | BLOQUE/ENTERO | 500-999 GRS
45992,CUNDI/BOYACA,TRADICIONAL,COLANTA,QUESOS,COLANTA,FILADOS,BLOQUE/ENTERO,500-999 GRS,38932.2042,1490.4113,58024997.075599998,0.48359588999999997,9.4492999999999991,45992,2025-12-01,2025-12-01,CUNDI/BOYACA | TRADICIONAL | COLANTA | QUESOS | COLANTA | FILADOS | BLOQUE/ENTERO | 500-999 GRS
45870,ANTIOQUIA,HIPERMERCADOS,LA FLORIDA,QUESOS,LA FLORIDA,FILADOS,RALLADO/MOLIDO,300-499 GRS,58927.294999999998,88.926900000000003,5240221.6671000002,92.592592589999995,99.233199999999997,45870,2025-08-01,2025-08-01,ANTIOQUIA | HIPERMERCADOS | LA FLORIDA | QUESOS | LA FLORIDA | FILADOS | RALLADO/MOLIDO | 300-499 GRS
45901,ANTIOQUIA,HIPERMERCADOS,LA FLORIDA,QUESOS,LA FLORIDA,FILADOS,RALLADO/MOLIDO,300-499 GRS,59671.3652,99.9876,5966396.5980000002,92.592592589999995,99.256699999999995,45901,2025-09-01,2025-09-01,ANTIOQUIA | HIPERMERCADOS | LA FLORIDA | QUESOS | LA FLORIDA | FILADOS | RALLADO/MOLIDO | 300-499 GRS
45931,ANTIOQUIA,HIPERMERCADOS,LA FLORIDA,QUESOS,LA FLORIDA,FILADOS,RALLADO/MOLIDO,300-499 GRS,59698.813900000001,87.684399999999997,5234654.6775000002,85.185185189999999,96.504800000000003,45931,2025-10-01,2025-10-01,ANTIOQUIA | HIPERMERCADOS | LA FLORIDA | QUESOS | LA FLORIDA | FILADOS | RALLADO/MOLIDO | 300-499 GRS
45962,ANTIOQUIA,HIPERMERCADOS,LA FLORIDA,QUESOS,LA FLORIDA,FILADOS,RALLADO/MOLIDO,300-499 GRS,60087.220099999999,79.585499999999996,4782071.4567999998,81.481481479999999,90.085499999999996,45962,2025-11-01,2025-11-01,ANTIOQUIA | HIPERMERCADOS | LA FLORIDA | QUESOS | LA FLORIDA | FILADOS | RALLADO/MOLIDO | 300-499 GRS
45992,ANTIOQUIA,HIPERMERCADOS,LA FLORIDA,QUESOS,LA FLORIDA,FILADOS,RALLADO/MOLIDO,300-499 GRS,59455.447800000002,114.4851,6806762.8903000001,88.888888890000004,96.960599999999999,45992,2025-12-01,2025-12-01,ANTIOQUIA | HIPERMERCADOS | LA FLORIDA | QUESOS | LA FLORIDA | FILADOS | RALLADO/MOLIDO | 300-499 GRS
45870,ATLANTICO,HIPERMERCADOS,ALPINA,QUESOS,ALPINA,FRESCOS,BLOQUE/ENTERO,300-499 GRS,30395.4012,560.18769999999995,17027129.905499998,97.826086959999998,99.690899999999999,45870,2025-08-01,2025-08-01,ATLANTICO | HIPERMERCADOS | ALPINA | QUESOS | ALPINA | FRESCOS | BLOQUE/ENTERO | 300-499 GRS
45901,ATLANTICO,HIPERMERCADOS,ALPINA,QUESOS,ALPINA,FRESCOS,BLOQUE/ENTERO,300-499 GRS,27882.809600000001,534.06299999999999,14891176.957699999,100,100,45901,2025-09-01,2025-09-01,ATLANTICO | HIPERMERCADOS | ALPINA | QUESOS | ALPINA | FRESCOS | BLOQUE/ENTERO | 300-499 GRS
45931,ATLANTICO,HIPERMERCADOS,ALPINA,QUESOS,ALPINA,FRESCOS,BLOQUE/ENTERO,300-499 GRS,30688.031900000002,457.65359999999998,14044488.255000001,100,100,45931,2025-10-01,2025-10-01,ATLANTICO | HIPERMERCADOS | ALPINA | QUESOS | ALPINA | FRESCOS | BLOQUE/ENTERO | 300-499 GRS
45962,ATLANTICO,HIPERMERCADOS,ALPINA,QUESOS,ALPINA,FRESCOS,BLOQUE/ENTERO,300-499 GRS,29367.605200000002,448.33710000000002,13166586.956800001,97.826086959999998,99.6614,45962,2025-11-01,2025-11-01,ATLANTICO | HIPERMERCADOS | ALPINA | QUESOS | ALPINA | FRESCOS | BLOQUE/ENTERO | 300-499 GRS
45992,ATLANTICO,HIPERMERCADOS,ALPINA,QUESOS,ALPINA,FRESCOS,BLOQUE/ENTERO,300-499 GRS,30891.064200000001,441.0564,13624701.548,97.826086959999998,98.435400000000001,45992,2025-12-01,2025-12-01,ATLANTICO | HIPERMERCADOS | ALPINA | QUESOS | ALPINA | FRESCOS | BLOQUE/ENTERO | 300-499 GRS
45870,CENTRO,HIPERMERCADOS,PL,QUESOS,PL,FILADOS,BLOQUE/ENTERO,1000-2000 GRS,34603.7569,8.4284999999999997,291657.76500000001,18.18181818,7.2888999999999999,45870,2025-08-01,2025-08-01,CENTRO | HIPERMERCADOS | PL | QUESOS | PL | FILADOS | BLOQUE/ENTERO | 1000-2000 GRS
45901,CENTRO,HIPERMERCADOS,PL,QUESOS,PL,FILADOS,BLOQUE/ENTERO,1000-2000 GRS,40404.856699999997,7.1429,288607.85100000002,27.272727270000001,13.1153,45901,2025-09-01,2025-09-01,CENTRO | HIPERMERCADOS | PL | QUESOS | PL | FILADOS | BLOQUE/ENTERO | 1000-2000 GRS
45931,CENTRO,HIPERMERCADOS,PL,QUESOS,PL,FILADOS,BLOQUE/ENTERO,1000-2000 GRS,39541.818200000002,16.571400000000001,655263.28599999996,27.272727270000001,12.357100000000001,45931,2025-10-01,2025-10-01,CENTRO | HIPERMERCADOS | PL | QUESOS | PL | FILADOS | BLOQUE/ENTERO | 1000-2000 GRS
45962,CENTRO,HIPERMERCADOS,PL,QUESOS,PL,FILADOS,BLOQUE/ENTERO,1000-2000 GRS,39578.330399999999,9.7141000000000002,384467.859,27.272727270000001,11.0105,45962,2025-11-01,2025-11-01,CENTRO | HIPERMERCADOS | PL | QUESOS | PL | FILADOS | BLOQUE/ENTERO | 1000-2000 GRS
45992,CENTRO,HIPERMERCADOS,PL,QUESOS,PL,FILADOS,BLOQUE/ENTERO,1000-2000 GRS,32865.088900000002,34.142899999999997,1122109.4424000001,36.363636360000001,14.210100000000001,45992,2025-12-01,2025-12-01,CENTRO | HIPERMERCADOS | PL | QUESOS | PL | FILADOS | BLOQUE/ENTERO | 1000-2000 GRS
45870,SANTANDERES,HIPERMERCADOS,COLANTA,QUESOS,COLANTA,OTROS TIPOS,CREMA/ESPARCIBLE,100-199 GRS,30120.7222,121.54089999999999,3660899.6822000002,31.25,42.559699999999999,45870,2025-08-01,2025-08-01,SANTANDERES | HIPERMERCADOS | COLANTA | QUESOS | COLANTA | OTROS TIPOS | CREMA/ESPARCIBLE | 100-199 GRS
45901,SANTANDERES,HIPERMERCADOS,COLANTA,QUESOS,COLANTA,OTROS TIPOS,CREMA/ESPARCIBLE,100-199 GRS,30137.893800000002,105.32389999999999,3174240.5081000002,31.25,42.829900000000002,45901,2025-09-01,2025-09-01,SANTANDERES | HIPERMERCADOS | COLANTA | QUESOS | COLANTA | OTROS TIPOS | CREMA/ESPARCIBLE | 100-199 GRS
45931,SANTANDERES,HIPERMERCADOS,COLANTA,QUESOS,COLANTA,OTROS TIPOS,CREMA/ESPARCIBLE,100-199 GRS,29778.4234,119.9766,3572713.9868999999,31.25,44.686599999999999,45931,2025-10-01,2025-10-01,SANTANDERES | HIPERMERCADOS | COLANTA | QUESOS | COLANTA | OTROS TIPOS | CREMA/ESPARCIBLE | 100-199 GRS
45962,SANTANDERES,HIPERMERCADOS,COLANTA,QUESOS,COLANTA,OTROS TIPOS,CREMA/ESPARCIBLE,100-199 GRS,25674.980500000001,138.62100000000001,3559091.4761999999,31.25,43.984000000000002,45962,2025-11-01,2025-11-01,SANTANDERES | HIPERMERCADOS | COLANTA | QUESOS | COLANTA | OTROS TIPOS | CREMA/ESPARCIBLE | 100-199 GRS
45992,SANTANDERES,HIPERMERCADOS,COLANTA,QUESOS,COLANTA,OTROS TIPOS,CREMA/ESPARCIBLE,100-199 GRS,25640.864300000001,178.779,4584048.08,31.25,43.137300000000003,45992,2025-12-01,2025-12-01,SANTANDERES | HIPERMERCADOS | COLANTA | QUESOS | COLANTA | OTROS TIPOS | CREMA/ESPARCIBLE | 100-199 GRS
45870,ATLANTICO,SUPER CADENA,LACTEOS EL ZARZAL,QUESOS,EL ZARZAL,ESPARCIBLES,CREMA/ESPARCIBLE,200-299 GRS,23985.406900000002,17.052499999999998,409011.15149999998,7.6622490000000001E-2,0.12709999999999999,45870,2025-08-01,2025-08-01,ATLANTICO | SUPER CADENA | LACTEOS EL ZARZAL | QUESOS | EL ZARZAL | ESPARCIBLES | CREMA/ESPARCIBLE | 200-299 GRS
45901,ATLANTICO,SUPER CADENA,LACTEOS EL ZARZAL,QUESOS,EL ZARZAL,ESPARCIBLES,CREMA/ESPARCIBLE,200-299 GRS,24214.913700000001,25.8919,626970.12349999999,8.7804019999999997E-2,0.16569999999999999,45901,2025-09-01,2025-09-01,ATLANTICO | SUPER CADENA | LACTEOS EL ZARZAL | QUESOS | EL ZARZAL | ESPARCIBLES | CREMA/ESPARCIBLE | 200-299 GRS
45931,ATLANTICO,SUPER CADENA,LACTEOS EL ZARZAL,QUESOS,EL ZARZAL,ESPARCIBLES,CREMA/ESPARCIBLE,200-299 GRS,24516.467799999999,13.9641,342350.40840000001,8.7309189999999995E-2,0.16569999999999999,45931,2025-10-01,2025-10-01,ATLANTICO | SUPER CADENA | LACTEOS EL ZARZAL | QUESOS | EL ZARZAL | ESPARCIBLES | CREMA/ESPARCIBLE | 200-299 GRS
45962,ATLANTICO,SUPER CADENA,LACTEOS EL ZARZAL,QUESOS,EL ZARZAL,ESPARCIBLES,CREMA/ESPARCIBLE,200-299 GRS,21787.870900000002,21.685700000000001,472485.23139999999,8.722705E-2,0.1711,45962,2025-11-01,2025-11-01,ATLANTICO | SUPER CADENA | LACTEOS EL ZARZAL | QUESOS | EL ZARZAL | ESPARCIBLES | CREMA/ESPARCIBLE | 200-299 GRS
45992,ATLANTICO,SUPER CADENA,LACTEOS EL ZARZAL,QUESOS,EL ZARZAL,ESPARCIBLES,CREMA/ESPARCIBLE,200-299 GRS,23071.845300000001,16.461500000000001,379797.18199999997,8.7015099999999998E-2,0.1575,45992,2025-12-01,2025-12-01,ATLANTICO | SUPER CADENA | LACTEOS EL ZARZAL | QUESOS | EL ZARZAL | ESPARCIBLES | CREMA/ESPARCIBLE | 200-299 GRS
45870,ANTIOQUIA,SUPER CADENA,OTROS FABRICANTES,QUESOS,OTRAS MARCAS,AMARILLOS,BLOQUE/ENTERO,1000-2000 GRS,69570.713600000003,49.706400000000002,3458109.7201,1.2018044999999999,6.9164000000000003,45870,2025-08-01,2025-08-01,ANTIOQUIA | SUPER CADENA | OTROS FABRICANTES | QUESOS | OTRAS MARCAS | AMARILLOS | BLOQUE/ENTERO | 1000-2000 GRS
45870,ANTIOQUIA,SUPER CADENA,COLANTA,QUESOS,COLANTA,MADUROS,BLOQUE/ENTERO,1000-2000 GRS,113208.6957,40.962200000000003,4637277.2352,2.94988377,14.558199999999999,45870,2025-08-01,2025-08-01,ANTIOQUIA | SUPER CADENA | COLANTA | QUESOS | COLANTA | MADUROS | BLOQUE/ENTERO | 1000-2000 GRS
45870,ANTIOQUIA,SUPER CADENA,COLANTA,QUESOS,COLANTA,MADUROS,BLOQUE/ENTERO,1000-2000 GRS,109271.8086,49.379100000000001,5395743.5647999998,3.05913872,14.916499999999999,45870,2025-08-01,2025-08-01,ANTIOQUIA | SUPER CADENA | COLANTA | QUESOS | COLANTA | MADUROS | BLOQUE/ENTERO | 1000-2000 GRS
45870,ANTIOQUIA,SUPER CADENA,COLANTA,QUESOS,COLANTA,MADUROS,BLOQUE/ENTERO,1000-2000 GRS,65411.792699999998,49.084899999999998,3210731.3059,1.7480792700000001,7.9166999999999996,45870,2025-08-01,2025-08-01,ANTIOQUIA | SUPER CADENA | COLANTA | QUESOS | COLANTA | MADUROS | BLOQUE/ENTERO | 1000-2000 GRS
45870,ANTIOQUIA,SUPER CADENA,COLANTA,QUESOS,COLANTA,MADUROS,BLOQUE/ENTERO,1000-2000 GRS,73437.535000000003,48.5533,3565634.6683,2.7313738600000002,13.778499999999999,45870,2025-08-01,2025-08-01,ANTIOQUIA | SUPER CADENA | COLANTA | QUESOS | COLANTA | MADUROS | BLOQUE/ENTERO | 1000-2000 GRS
45870,ANTIOQUIA,SUPER CADENA,COLANTA,QUESOS,COLANTA,MADUROS,BLOQUE/ENTERO,1000-2000 GRS,107947.393,90.485500000000002,9767673.8281999994,2.94988377,14.530200000000001,45870,2025-08-01,2025-08-01,ANTIOQUIA | SUPER CADENA | COLANTA | QUESOS | COLANTA | MADUROS | BLOQUE/ENTERO | 1000-2000 GRS
45870,ANTIOQUIA,SUPER CADENA,COLANTA,QUESOS,COLANTA,MADUROS,BLOQUE/ENTERO,1000-2000 GRS,94141.912599999996,51.838999999999999,4880222.6080999998,2.94988377,14.732100000000001,45870,2025-08-01,2025-08-01,ANTIOQUIA | SUPER CADENA | COLANTA | QUESOS | COLANTA | MADUROS | BLOQUE/ENTERO | 1000-2000 GRS
45870,ANTIOQUIA,SUPER CADENA,COLANTA,QUESOS,COLANTA,MADUROS,BLOQUE/ENTERO,1000-2000 GRS,NA,NA,NA,0,NA,45870,2025-08-01,2025-08-01,ANTIOQUIA | SUPER CADENA | COLANTA | QUESOS | COLANTA | MADUROS | BLOQUE/ENTERO | 1000-2000 GRS
45870,ANTIOQUIA,SUPER CADENA,COLANTA,QUESOS,COLANTA,MADUROS,BLOQUE/ENTERO,1000-2000 GRS,90819.866999999998,8.2683999999999997,750934.98800000001,0.87403964000000001,4.6459999999999999,45870,2025-08-01,2025-08-01,ANTIOQUIA | SUPER CADENA | COLANTA | QUESOS | COLANTA | MADUROS | BLOQUE/ENTERO | 1000-2000 GRS
45901,ANTIOQUIA,SUPER CADENA,OTROS FABRICANTES,QUESOS,OTRAS MARCAS,AMARILLOS,BLOQUE/ENTERO,1000-2000 GRS,70708.141000000003,29.7196,2101417.6683,1.08944329,6.3803000000000001,45901,2025-09-01,2025-09-01,ANTIOQUIA | SUPER CADENA | OTROS FABRICANTES | QUESOS | OTRAS MARCAS | AMARILLOS | BLOQUE/ENTERO | 1000-2000 GRS
45901,ANTIOQUIA,SUPER CADENA,COLANTA,QUESOS,COLANTA,MADUROS,BLOQUE/ENTERO,1000-2000 GRS,107294.6379,48.715299999999999,5226890.4759999998,2.8325525699999998,13.1473,45901,2025-09-01,2025-09-01,ANTIOQUIA | SUPER CADENA | COLANTA | QUESOS | COLANTA | MADUROS | BLOQUE/ENTERO | 1000-2000 GRS
45901,ANTIOQUIA,SUPER CADENA,COLANTA,QUESOS,COLANTA,MADUROS,BLOQUE/ENTERO,1000-2000 GRS,100562.5655,62.949100000000001,6330322.9914999995,3.0504412200000002,14.0229,45901,2025-09-01,2025-09-01,ANTIOQUIA | SUPER CADENA | COLANTA | QUESOS | COLANTA | MADUROS | BLOQUE/ENTERO | 1000-2000 GRS
45901,ANTIOQUIA,SUPER CADENA,COLANTA,QUESOS,COLANTA,MADUROS,BLOQUE/ENTERO,1000-2000 GRS,61839.359299999996,63.149500000000003,3905124.6173999999,1.7431092699999999,7.2324000000000002,45901,2025-09-01,2025-09-01,ANTIOQUIA | SUPER CADENA | COLANTA | QUESOS | COLANTA | MADUROS | BLOQUE/ENTERO | 1000-2000 GRS
45901,ANTIOQUIA,SUPER CADENA,COLANTA,QUESOS,COLANTA,MADUROS,BLOQUE/ENTERO,1000-2000 GRS,73795.569600000003,56.403100000000002,4162298.8912999998,3.0504412200000002,14.2446,45901,2025-09-01,2025-09-01,ANTIOQUIA | SUPER CADENA | COLANTA | QUESOS | COLANTA | MADUROS | BLOQUE/ENTERO | 1000-2000 GRS
45901,ANTIOQUIA,SUPER CADENA,COLANTA,QUESOS,COLANTA,MADUROS,BLOQUE/ENTERO,1000-2000 GRS,100129.37149999999,94.188999999999993,9431085.3717,3.1593855500000001,14.444599999999999,45901,2025-09-01,2025-09-01,ANTIOQUIA | SUPER CADENA | COLANTA | QUESOS | COLANTA | MADUROS | BLOQUE/ENTERO | 1000-2000 GRS
45901,ANTIOQUIA,SUPER CADENA,COLANTA,QUESOS,COLANTA,MADUROS,BLOQUE/ENTERO,1000-2000 GRS,95478.833499999993,47.933999999999997,4576682.4067000002,3.0504412200000002,14.2446,45901,2025-09-01,2025-09-01,ANTIOQUIA | SUPER CADENA | COLANTA | QUESOS | COLANTA | MADUROS | BLOQUE/ENTERO | 1000-2000 GRS
45901,ANTIOQUIA,SUPER CADENA,COLANTA,QUESOS,COLANTA,MADUROS,BLOQUE/ENTERO,1000-2000 GRS,130343.13370000001,1.65,215066.17060000001,0.98049896999999997,3.6802000000000001,45901,2025-09-01,2025-09-01,ANTIOQUIA | SUPER CADENA | COLANTA | QUESOS | COLANTA | MADUROS | BLOQUE/ENTERO | 1000-2000 GRS
45901,ANTIOQUIA,SUPER CADENA,COLANTA,QUESOS,COLANTA,MADUROS,BLOQUE/ENTERO,1000-2000 GRS,82290.185800000007,25.183199999999999,2072330.2075,1.7431092699999999,7.2324000000000002,45901,2025-09-01,2025-09-01,ANTIOQUIA | SUPER CADENA | COLANTA | QUESOS | COLANTA | MADUROS | BLOQUE/ENTERO | 1000-2000 GRS
45931,ANTIOQUIA,SUPER CADENA,OTROS FABRICANTES,QUESOS,OTRAS MARCAS,AMARILLOS,BLOQUE/ENTERO,1000-2000 GRS,70880.240900000004,12.8705,912264.1409,0.97668553999999996,6.0309999999999997,45931,2025-10-01,2025-10-01,ANTIOQUIA | SUPER CADENA | OTROS FABRICANTES | QUESOS | OTRAS MARCAS | AMARILLOS | BLOQUE/ENTERO | 1000-2000 GRS
45931,ANTIOQUIA,SUPER CADENA,COLANTA,QUESOS,COLANTA,MADUROS,BLOQUE/ENTERO,1000-2000 GRS,97249.763200000001,74.129099999999994,7209037.4221999999,3.03857723,14.397500000000001,45931,2025-10-01,2025-10-01,ANTIOQUIA | SUPER CADENA | COLANTA | QUESOS | COLANTA | MADUROS | BLOQUE/ENTERO | 1000-2000 GRS
45931,ANTIOQUIA,SUPER CADENA,COLANTA,QUESOS,COLANTA,MADUROS,BLOQUE/ENTERO,1000-2000 GRS,97088.679799999998,67.107299999999995,6515359.1643000003,3.1470978500000002,14.6709,45931,2025-10-01,2025-10-01,ANTIOQUIA | SUPER CADENA | COLANTA | QUESOS | COLANTA | MADUROS | BLOQUE/ENTERO | 1000-2000 GRS
45931,ANTIOQUIA,SUPER CADENA,COLANTA,QUESOS,COLANTA,MADUROS,BLOQUE/ENTERO,1000-2000 GRS,57473.329599999997,59.679000000000002,3429950.8369,1.62780923,7.0991999999999997,45931,2025-10-01,2025-10-01,ANTIOQUIA | SUPER CADENA | COLANTA | QUESOS | COLANTA | MADUROS | BLOQUE/ENTERO | 1000-2000 GRS
45931,ANTIOQUIA,SUPER CADENA,COLANTA,QUESOS,COLANTA,MADUROS,BLOQUE/ENTERO,1000-2000 GRS,64541.933499999999,59.6633,3850784.7407999998,3.03857723,14.457800000000001,45931,2025-10-01,2025-10-01,ANTIOQUIA | SUPER CADENA | COLANTA | QUESOS | COLANTA | MADUROS | BLOQUE/ENTERO | 1000-2000 GRS
45931,ANTIOQUIA,SUPER CADENA,COLANTA,QUESOS,COLANTA,MADUROS,BLOQUE/ENTERO,1000-2000 GRS,88913.848599999998,110.7925,9850987.5713999998,3.1470978500000002,14.6709,45931,2025-10-01,2025-10-01,ANTIOQUIA | SUPER CADENA | COLANTA | QUESOS | COLANTA | MADUROS | BLOQUE/ENTERO | 1000-2000 GRS
45931,ANTIOQUIA,SUPER CADENA,COLANTA,QUESOS,COLANTA,MADUROS,BLOQUE/ENTERO,1000-2000 GRS,96253.155199999994,49.744999999999997,4788113.2061999999,3.03857723,14.457800000000001,45931,2025-10-01,2025-10-01,ANTIOQUIA | SUPER CADENA | COLANTA | QUESOS | COLANTA | MADUROS | BLOQUE/ENTERO | 1000-2000 GRS
45931,ANTIOQUIA,SUPER CADENA,COLANTA,QUESOS,COLANTA,MADUROS,BLOQUE/ENTERO,1000-2000 GRS,136850.1084,6.0598999999999998,829297.97160000005,1.51928862,7.069,45931,2025-10-01,2025-10-01,ANTIOQUIA | SUPER CADENA | COLANTA | QUESOS | COLANTA | MADUROS | BLOQUE/ENTERO | 1000-2000 GRS
45931,ANTIOQUIA,SUPER CADENA,COLANTA,QUESOS,COLANTA,MADUROS,BLOQUE/ENTERO,1000-2000 GRS,73953.741500000004,37.149500000000003,2747344.5194999999,1.62780923,7.0991999999999997,45931,2025-10-01,2025-10-01,ANTIOQUIA | SUPER CADENA | COLANTA | QUESOS | COLANTA | MADUROS | BLOQUE/ENTERO | 1000-2000 GRS
45962,ANTIOQUIA,SUPER CADENA,OTROS FABRICANTES,QUESOS,OTRAS MARCAS,AMARILLOS,BLOQUE/ENTERO,1000-2000 GRS,71197.1446,32.878100000000003,2340826.8391999998,0.86163573000000004,5.4317000000000002,45962,2025-11-01,2025-11-01,ANTIOQUIA | SUPER CADENA | OTROS FABRICANTES | QUESOS | OTRAS MARCAS | AMARILLOS | BLOQUE/ENTERO | 1000-2000 GRS
45962,ANTIOQUIA,SUPER CADENA,COLANTA,QUESOS,COLANTA,MADUROS,BLOQUE/ENTERO,1000-2000 GRS,95884.323699999994,55.8797,5357987.2434999999,2.9080206,14.2805,45962,2025-11-01,2025-11-01,ANTIOQUIA | SUPER CADENA | COLANTA | QUESOS | COLANTA | MADUROS | BLOQUE/ENTERO | 1000-2000 GRS
45962,ANTIOQUIA,SUPER CADENA,COLANTA,QUESOS,COLANTA,MADUROS,BLOQUE/ENTERO,1000-2000 GRS,93369.506899999993,60.907800000000002,5686931.2511999998,3.1234295300000001,14.9781,45962,2025-11-01,2025-11-01,ANTIOQUIA | SUPER CADENA | COLANTA | QUESOS | COLANTA | MADUROS | BLOQUE/ENTERO | 1000-2000 GRS
45962,ANTIOQUIA,SUPER CADENA,COLANTA,QUESOS,COLANTA,MADUROS,BLOQUE/ENTERO,1000-2000 GRS,50485.432800000002,98.623900000000006,4979070.2777000004,3.231134,15.1068,45962,2025-11-01,2025-11-01,ANTIOQUIA | SUPER CADENA | COLANTA | QUESOS | COLANTA | MADUROS | BLOQUE/ENTERO | 1000-2000 GRS
45962,ANTIOQUIA,SUPER CADENA,COLANTA,QUESOS,COLANTA,MADUROS,BLOQUE/ENTERO,1000-2000 GRS,68908.721999999994,59.650100000000002,4110412.1582999998,2.9080206,14.3865,45962,2025-11-01,2025-11-01,ANTIOQUIA | SUPER CADENA | COLANTA | QUESOS | COLANTA | MADUROS | BLOQUE/ENTERO | 1000-2000 GRS
45962,ANTIOQUIA,SUPER CADENA,COLANTA,QUESOS,COLANTA,MADUROS,BLOQUE/ENTERO,1000-2000 GRS,92194.108099999998,97.9619,9031509.9965000004,3.1234295300000001,14.8645,45962,2025-11-01,2025-11-01,ANTIOQUIA | SUPER CADENA | COLANTA | QUESOS | COLANTA | MADUROS | BLOQUE/ENTERO | 1000-2000 GRS
45962,ANTIOQUIA,SUPER CADENA,COLANTA,QUESOS,COLANTA,MADUROS,BLOQUE/ENTERO,1000-2000 GRS,83835.436199999996,59.594299999999997,4996114.1332999999,3.1234295300000001,15.013199999999999,45962,2025-11-01,2025-11-01,ANTIOQUIA | SUPER CADENA | COLANTA | QUESOS | COLANTA | MADUROS | BLOQUE/ENTERO | 1000-2000 GRS
45962,ANTIOQUIA,SUPER CADENA,COLANTA,QUESOS,COLANTA,MADUROS,BLOQUE/ENTERO,1000-2000 GRS,113216.0799,16.148499999999999,1828269.8659000001,1.615567,7.3428000000000004,45962,2025-11-01,2025-11-01,ANTIOQUIA | SUPER CADENA | COLANTA | QUESOS | COLANTA | MADUROS | BLOQUE/ENTERO | 1000-2000 GRS
45962,ANTIOQUIA,SUPER CADENA,COLANTA,QUESOS,COLANTA,MADUROS,BLOQUE/ENTERO,1000-2000 GRS,79701.7595,26.930099999999999,2146376.3536999999,1.72327147,7.8452000000000002,45962,2025-11-01,2025-11-01,ANTIOQUIA | SUPER CADENA | COLANTA | QUESOS | COLANTA | MADUROS | BLOQUE/ENTERO | 1000-2000 GRS
45992,ANTIOQUIA,SUPER CADENA,OTROS FABRICANTES,QUESOS,OTRAS MARCAS,AMARILLOS,BLOQUE/ENTERO,1000-2000 GRS,69404.797200000001,74.522099999999995,5172191.2384000001,0.96326482999999996,6.2821999999999996,45992,2025-12-01,2025-12-01,ANTIOQUIA | SUPER CADENA | OTROS FABRICANTES | QUESOS | OTRAS MARCAS | AMARILLOS | BLOQUE/ENTERO | 1000-2000 GRS
45992,ANTIOQUIA,SUPER CADENA,COLANTA,QUESOS,COLANTA,MADUROS,BLOQUE/ENTERO,1000-2000 GRS,106705.3285,82.032700000000006,8753326.2024000008,3.1038533300000002,16.190799999999999,45992,2025-12-01,2025-12-01,ANTIOQUIA | SUPER CADENA | COLANTA | QUESOS | COLANTA | MADUROS | BLOQUE/ENTERO | 1000-2000 GRS
45992,ANTIOQUIA,SUPER CADENA,COLANTA,QUESOS,COLANTA,MADUROS,BLOQUE/ENTERO,1000-2000 GRS,102722.3431,84.382199999999997,8667937.2994999997,3.1038533300000002,15.3089,45992,2025-12-01,2025-12-01,ANTIOQUIA | SUPER CADENA | COLANTA | QUESOS | COLANTA | MADUROS | BLOQUE/ENTERO | 1000-2000 GRS
45992,ANTIOQUIA,SUPER CADENA,COLANTA,QUESOS,COLANTA,MADUROS,BLOQUE/ENTERO,1000-2000 GRS,47785.307800000002,319.24110000000002,15255034.236099999,3.31791218,16.703900000000001,45992,2025-12-01,2025-12-01,ANTIOQUIA | SUPER CADENA | COLANTA | QUESOS | COLANTA | MADUROS | BLOQUE/ENTERO | 1000-2000 GRS
45992,ANTIOQUIA,SUPER CADENA,COLANTA,QUESOS,COLANTA,MADUROS,BLOQUE/ENTERO,1000-2000 GRS,79738.948699999994,101.42910000000001,8087849.7978999997,3.1038533300000002,16.312899999999999,45992,2025-12-01,2025-12-01,ANTIOQUIA | SUPER CADENA | COLANTA | QUESOS | COLANTA | MADUROS | BLOQUE/ENTERO | 1000-2000 GRS
45992,ANTIOQUIA,SUPER CADENA,COLANTA,QUESOS,COLANTA,MADUROS,BLOQUE/ENTERO,1000-2000 GRS,97824.454299999998,141.64789999999999,13856628.526699999,3.2108827500000001,16.534300000000002,45992,2025-12-01,2025-12-01,ANTIOQUIA | SUPER CADENA | COLANTA | QUESOS | COLANTA | MADUROS | BLOQUE/ENTERO | 1000-2000 GRS
45992,ANTIOQUIA,SUPER CADENA,COLANTA,QUESOS,COLANTA,MADUROS,BLOQUE/ENTERO,1000-2000 GRS,98831.893400000001,62.640300000000003,6190859.4493000004,3.1038533300000002,16.312899999999999,45992,2025-12-01,2025-12-01,ANTIOQUIA | SUPER CADENA | COLANTA | QUESOS | COLANTA | MADUROS | BLOQUE/ENTERO | 1000-2000 GRS
45992,ANTIOQUIA,SUPER CADENA,COLANTA,QUESOS,COLANTA,MADUROS,BLOQUE/ENTERO,1000-2000 GRS,140537.96739999999,14.41,2025152.1106,1.7124708,8.4760000000000009,45992,2025-12-01,2025-12-01,ANTIOQUIA | SUPER CADENA | COLANTA | QUESOS | COLANTA | MADUROS | BLOQUE/ENTERO | 1000-2000 GRS
45992,ANTIOQUIA,SUPER CADENA,COLANTA,QUESOS,COLANTA,MADUROS,BLOQUE/ENTERO,1000-2000 GRS,83355.910900000003,63.796799999999998,5317840.3792000003,1.92652965,9.1702999999999992,45992,2025-12-01,2025-12-01,ANTIOQUIA | SUPER CADENA | COLANTA | QUESOS | COLANTA | MADUROS | BLOQUE/ENTERO | 1000-2000 GRS
45870,EJE CAFETERO,SUPER CADENA,COLANTA,QUESOS,COLANTA,FILADOS,TROZOS,300-499 GRS,55224.266300000003,14.785600000000001,816523.91200000001,1.3174669299999999,4.5041000000000002,45870,2025-08-01,2025-08-01,EJE CAFETERO | SUPER CADENA | COLANTA | QUESOS | COLANTA | FILADOS | TROZOS | 300-499 GRS
45870,EJE CAFETERO,SUPER CADENA,OTROS FABRICANTES,QUESOS,OTRAS MARCAS,FRESCOS,RALLADO/MOLIDO,300-499 GRS,24846.121500000001,47.256500000000003,1174140.74,1.9762004,6.4458000000000002,45870,2025-08-01,2025-08-01,EJE CAFETERO | SUPER CADENA | OTROS FABRICANTES | QUESOS | OTRAS MARCAS | FRESCOS | RALLADO/MOLIDO | 300-499 GRS
45870,EJE CAFETERO,SUPER CADENA,OTROS FABRICANTES,QUESOS,OTRAS MARCAS,FRESCOS,RALLADO/MOLIDO,300-499 GRS,39545.0841,20.142600000000002,796540.81,1.53704475,5.4706000000000001,45870,2025-08-01,2025-08-01,EJE CAFETERO | SUPER CADENA | OTROS FABRICANTES | QUESOS | OTRAS MARCAS | FRESCOS | RALLADO/MOLIDO | 300-499 GRS
45901,EJE CAFETERO,SUPER CADENA,COLANTA,QUESOS,COLANTA,FILADOS,TROZOS,300-499 GRS,50872.882899999997,13.5001,686789.00699999998,1.3130059599999999,4.5621,45901,2025-09-01,2025-09-01,EJE CAFETERO | SUPER CADENA | COLANTA | QUESOS | COLANTA | FILADOS | TROZOS | 300-499 GRS
45901,EJE CAFETERO,SUPER CADENA,OTROS FABRICANTES,QUESOS,OTRAS MARCAS,FRESCOS,RALLADO/MOLIDO,300-499 GRS,24970.482199999999,26.172000000000001,653527.46,1.3130059599999999,5.0913000000000004,45901,2025-09-01,2025-09-01,EJE CAFETERO | SUPER CADENA | OTROS FABRICANTES | QUESOS | OTRAS MARCAS | FRESCOS | RALLADO/MOLIDO | 300-499 GRS
45901,EJE CAFETERO,SUPER CADENA,OTROS FABRICANTES,QUESOS,OTRAS MARCAS,FRESCOS,RALLADO/MOLIDO,300-499 GRS,41076.150900000001,25.714600000000001,1056256.79,1.7506746099999999,5.5589000000000004,45901,2025-09-01,2025-09-01,EJE CAFETERO | SUPER CADENA | OTROS FABRICANTES | QUESOS | OTRAS MARCAS | FRESCOS | RALLADO/MOLIDO | 300-499 GRS
45931,EJE CAFETERO,SUPER CADENA,COLANTA,QUESOS,COLANTA,FILADOS,TROZOS,300-499 GRS,47302.406900000002,11.8927,562553.33499999996,1.31328099,4.4699,45931,2025-10-01,2025-10-01,EJE CAFETERO | SUPER CADENA | COLANTA | QUESOS | COLANTA | FILADOS | TROZOS | 300-499 GRS
45931,EJE CAFETERO,SUPER CADENA,OTROS FABRICANTES,QUESOS,OTRAS MARCAS,FRESCOS,RALLADO/MOLIDO,300-499 GRS,25020.393800000002,53.256500000000003,1332498.6000000001,1.31328099,5.1493000000000002,45931,2025-10-01,2025-10-01,EJE CAFETERO | SUPER CADENA | OTROS FABRICANTES | QUESOS | OTRAS MARCAS | FRESCOS | RALLADO/MOLIDO | 300-499 GRS
45931,EJE CAFETERO,SUPER CADENA,OTROS FABRICANTES,QUESOS,OTRAS MARCAS,FRESCOS,RALLADO/MOLIDO,300-499 GRS,44402.993799999997,24.7712,1099915.44,1.7510413199999999,5.6718999999999999,45931,2025-10-01,2025-10-01,EJE CAFETERO | SUPER CADENA | OTROS FABRICANTES | QUESOS | OTRAS MARCAS | FRESCOS | RALLADO/MOLIDO | 300-499 GRS
45962,EJE CAFETERO,SUPER CADENA,COLANTA,QUESOS,COLANTA,FILADOS,TROZOS,300-499 GRS,53427.0645,9.7071000000000005,518621.85800000001,1.1012405700000001,3.7265999999999999,45962,2025-11-01,2025-11-01,EJE CAFETERO | SUPER CADENA | COLANTA | QUESOS | COLANTA | FILADOS | TROZOS | 300-499 GRS
45962,EJE CAFETERO,SUPER CADENA,OTROS FABRICANTES,QUESOS,OTRAS MARCAS,FRESCOS,RALLADO/MOLIDO,300-499 GRS,25730.727200000001,61.599800000000002,1585007.6495999999,1.5417368,5.8922999999999996,45962,2025-11-01,2025-11-01,EJE CAFETERO | SUPER CADENA | OTROS FABRICANTES | QUESOS | OTRAS MARCAS | FRESCOS | RALLADO/MOLIDO | 300-499 GRS
45962,EJE CAFETERO,SUPER CADENA,OTROS FABRICANTES,QUESOS,OTRAS MARCAS,FRESCOS,RALLADO/MOLIDO,300-499 GRS,45165.620900000002,33.042499999999997,1492385.0284,1.76198491,5.8163,45962,2025-11-01,2025-11-01,EJE CAFETERO | SUPER CADENA | OTROS FABRICANTES | QUESOS | OTRAS MARCAS | FRESCOS | RALLADO/MOLIDO | 300-499 GRS
45992,EJE CAFETERO,SUPER CADENA,COLANTA,QUESOS,COLANTA,FILADOS,TROZOS,300-499 GRS,55249.224900000001,16.714300000000001,923452.12,1.1033598899999999,4.7541000000000002,45992,2025-12-01,2025-12-01,EJE CAFETERO | SUPER CADENA | COLANTA | QUESOS | COLANTA | FILADOS | TROZOS | 300-499 GRS
45992,EJE CAFETERO,SUPER CADENA,OTROS FABRICANTES,QUESOS,OTRAS MARCAS,FRESCOS,RALLADO/MOLIDO,300-499 GRS,25747.1499,66.171800000000005,1703735.2552,1.5447038399999999,6.3601000000000001,45992,2025-12-01,2025-12-01,EJE CAFETERO | SUPER CADENA | OTROS FABRICANTES | QUESOS | OTRAS MARCAS | FRESCOS | RALLADO/MOLIDO | 300-499 GRS
45992,EJE CAFETERO,SUPER CADENA,OTROS FABRICANTES,QUESOS,OTRAS MARCAS,FRESCOS,RALLADO/MOLIDO,300-499 GRS,46091.031799999997,42.085900000000002,1939782.5544,1.76537582,6.5446999999999997,45992,2025-12-01,2025-12-01,EJE CAFETERO | SUPER CADENA | OTROS FABRICANTES | QUESOS | OTRAS MARCAS | FRESCOS | RALLADO/MOLIDO | 300-499 GRS
45870,LLANOS,SUPER CADENA,LA FLORIDA,QUESOS,LA FLORIDA,OTROS TIPOS,BLOQUE/ENTERO,0-99 GRS,13137.460999999999,21.445499999999999,281739.42,2.1487985699999999,6.7137000000000002,45870,2025-08-01,2025-08-01,LLANOS | SUPER CADENA | LA FLORIDA | QUESOS | LA FLORIDA | OTROS TIPOS | BLOQUE/ENTERO | 0-99 GRS
45870,LLANOS,SUPER CADENA,OTROS FABRICANTES,QUESOS,OTRAS MARCAS,OTROS TIPOS,TROZOS,100-199 GRS,80607.475699999995,1.3671,110198.48,0.71626619000000002,3.8793000000000002,45870,2025-08-01,2025-08-01,LLANOS | SUPER CADENA | OTROS FABRICANTES | QUESOS | OTRAS MARCAS | OTROS TIPOS | TROZOS | 100-199 GRS
45901,LLANOS,SUPER CADENA,LA FLORIDA,QUESOS,LA FLORIDA,OTROS TIPOS,BLOQUE/ENTERO,0-99 GRS,12813.4845,25.4573,326196.71999999997,1.4184397200000001,3.1903999999999999,45901,2025-09-01,2025-09-01,LLANOS | SUPER CADENA | LA FLORIDA | QUESOS | LA FLORIDA | OTROS TIPOS | BLOQUE/ENTERO | 0-99 GRS
45901,LLANOS,SUPER CADENA,OTROS FABRICANTES,QUESOS,OTRAS MARCAS,OTROS TIPOS,TROZOS,100-199 GRS,71203.091499999995,2.5457000000000001,181261.71,0.70921986000000004,4.3361999999999998,45901,2025-09-01,2025-09-01,LLANOS | SUPER CADENA | OTROS FABRICANTES | QUESOS | OTRAS MARCAS | OTROS TIPOS | TROZOS | 100-199 GRS
45931,LLANOS,SUPER CADENA,LA FLORIDA,QUESOS,LA FLORIDA,OTROS TIPOS,BLOQUE/ENTERO,0-99 GRS,13090.598900000001,24.685500000000001,323147.98,1.41165775,2.8496999999999999,45931,2025-10-01,2025-10-01,LLANOS | SUPER CADENA | LA FLORIDA | QUESOS | LA FLORIDA | OTROS TIPOS | BLOQUE/ENTERO | 0-99 GRS
45931,LLANOS,SUPER CADENA,OTROS FABRICANTES,QUESOS,OTRAS MARCAS,OTROS TIPOS,TROZOS,100-199 GRS,76672.826799999995,1.0135000000000001,77707.91,0.70582887999999999,4.1500000000000004,45931,2025-10-01,2025-10-01,LLANOS | SUPER CADENA | OTROS FABRICANTES | QUESOS | OTRAS MARCAS | OTROS TIPOS | TROZOS | 100-199 GRS
45962,LLANOS,SUPER CADENA,LA FLORIDA,QUESOS,LA FLORIDA,OTROS TIPOS,BLOQUE/ENTERO,0-99 GRS,13148.1464,30.8569,405711.04,1.4048229000000001,2.6288,45962,2025-11-01,2025-11-01,LLANOS | SUPER CADENA | LA FLORIDA | QUESOS | LA FLORIDA | OTROS TIPOS | BLOQUE/ENTERO | 0-99 GRS
45962,LLANOS,SUPER CADENA,OTROS FABRICANTES,QUESOS,OTRAS MARCAS,OTROS TIPOS,TROZOS,100-199 GRS,80605.874800000005,1.0843,87400.95,0.70241145000000005,3.6634000000000002,45962,2025-11-01,2025-11-01,LLANOS | SUPER CADENA | OTROS FABRICANTES | QUESOS | OTRAS MARCAS | OTROS TIPOS | TROZOS | 100-199 GRS
45992,LLANOS,SUPER CADENA,LA FLORIDA,QUESOS,LA FLORIDA,OTROS TIPOS,BLOQUE/ENTERO,0-99 GRS,13148.131100000001,15.428900000000001,202861.2,1.4027153800000001,3.0108000000000001,45992,2025-12-01,2025-12-01,LLANOS | SUPER CADENA | LA FLORIDA | QUESOS | LA FLORIDA | OTROS TIPOS | BLOQUE/ENTERO | 0-99 GRS
45992,LLANOS,SUPER CADENA,OTROS FABRICANTES,QUESOS,OTRAS MARCAS,OTROS TIPOS,TROZOS,100-199 GRS,61497.220699999998,2.0977999999999999,129008.8695,0.70135769000000003,4.7686999999999999,45992,2025-12-01,2025-12-01,LLANOS | SUPER CADENA | OTROS FABRICANTES | QUESOS | OTRAS MARCAS | OTROS TIPOS | TROZOS | 100-199 GRS
45962,SANTANDERES,SUPERETES,PRODUCTOS LACTEOS COLFRANCE,BEBIDAS LACTEAS,COLFRANCE,AVENA,BOLSA,200-249 CC,5791.6502,947.39750000000004,5486994.8887,2.8833679299999999,20.5367,45962,2025-11-01,2025-11-01,SANTANDERES | SUPERETES | PRODUCTOS LACTEOS COLFRANCE | BEBIDAS LACTEAS | COLFRANCE | AVENA | BOLSA | 200-249 CC
45962,EJE CAFETERO,CONS LOCAL,ALPINA,BEBIDAS LACTEAS,ALPINA,KUMIS,BOLSA,1000-1500 CC,NA,NA,NA,0,NA,45962,2025-11-01,2025-11-01,EJE CAFETERO | CONS LOCAL | ALPINA | BEBIDAS LACTEAS | ALPINA | KUMIS | BOLSA | 1000-1500 CC
45931,CUNDI/BOYACA,HIPERMERCADOS,LACTEOS DE NARINO,BEBIDAS LACTEAS,COLACTEOS,YOG CTE + REF LACTEO,BOLSA,1000-1500 CC,8772.1049999999996,192.4256,1687977.5762,21.875,35.887900000000002,45931,2025-10-01,2025-10-01,CUNDI/BOYACA | HIPERMERCADOS | LACTEOS DE NARINO | BEBIDAS LACTEAS | COLACTEOS | YOG CTE + REF LACTEO | BOLSA | 1000-1500 CC
45931,EJE CAFETERO,SUPERETES,ALIVAL,BEBIDAS LACTEAS,SAN FERNANDO,AVENA,CAJA ASEPTICA,500-999 CC,7644.9597999999996,75.898399999999995,580240.21429999999,1.7185811499999999,6.9393000000000002,45931,2025-10-01,2025-10-01,EJE CAFETERO | SUPERETES | ALIVAL | BEBIDAS LACTEAS | SAN FERNANDO | AVENA | CAJA ASEPTICA | 500-999 CC
45931,PACIFICO,CONS LOCAL,GLORIA,BEBIDAS LACTEAS,ALGARRA,YOG CTE + REF LACTEO,VASO,150-199 CC,NA,NA,NA,0,NA,45931,2025-10-01,2025-10-01,PACIFICO | CONS LOCAL | GLORIA | BEBIDAS LACTEAS | ALGARRA | YOG CTE + REF LACTEO | VASO | 150-199 CC
45931,EJE CAFETERO,SUPER CADENA,ALPINA,LECHE SABORIZADA,ALPIN,CHOCOLATE,BOLSA,150-199 CC,12184.859700000001,6378.4868999999999,77720967.691,41.509572720000001,36.329500000000003,45931,2025-10-01,2025-10-01,EJE CAFETERO | SUPER CADENA | ALPINA | LECHE SABORIZADA | ALPIN | CHOCOLATE | BOLSA | 150-199 CC
45901,SANTANDERES,HIPERMERCADOS,ALPINA,LECHE SABORIZADA,ALPIN,CHOCOLATE,CAJA ASEPTICA,200-249 CC,15257.3711,488.97550000000001,7460480.6524,100,100,45901,2025-09-01,2025-09-01,SANTANDERES | HIPERMERCADOS | ALPINA | LECHE SABORIZADA | ALPIN | CHOCOLATE | CAJA ASEPTICA | 200-249 CC
45901,ATLANTICO,HIPERMERCADOS,PARMALAT,LECHE LARGA VIDA,PARMALAT,DESLACTOSADA,CAJA,751 - 900 CC,6444.4485000000004,47.957999999999998,309062.86,26.086956520000001,25.868400000000001,45901,2025-09-01,2025-09-01,ATLANTICO | HIPERMERCADOS | PARMALAT | LECHE LARGA VIDA | PARMALAT | DESLACTOSADA | CAJA | 751 - 900 CC
45870,ATLANTICO,SUPERETES,ALQUERIA,LECHE LARGA VIDA,ALQUERIA,DESCREMADA / DESLACTOSADA,BOLSA,1001 - 1100 CC,6500.0024999999996,71.110100000000003,462215.8272,2.7304415199999998,2.3645999999999998,45870,2025-08-01,2025-08-01,ATLANTICO | SUPERETES | ALQUERIA | LECHE LARGA VIDA | ALQUERIA | DESCREMADA / DESLACTOSADA | BOLSA | 1001 - 1100 CC
45870,CUNDI/BOYACA,SUPERETES,COLANTA,LECHE LARGA VIDA,COLANTA,ENTERA,CAJA,901 - 1000 CC,5691.2758000000003,2268.7860000000001,12912286.885,6.5990052300000004,12.704800000000001,45870,2025-08-01,2025-08-01,CUNDI/BOYACA | SUPERETES | COLANTA | LECHE LARGA VIDA | COLANTA | ENTERA | CAJA | 901 - 1000 CC
45870,ANTIOQUIA,TRADICIONAL,ALPINA,LECHE LARGA VIDA,ALPINA,ENTERA,BOLSA,1001 - 1100 CC,5454.5455000000002,2118.5560999999998,11555760.6655,0.75235211000000002,0.72509999999999997,45870,2025-08-01,2025-08-01,ANTIOQUIA | TRADICIONAL | ALPINA | LECHE LARGA VIDA | ALPINA | ENTERA | BOLSA | 1001 - 1100 CC
45901,ANTIOQUIA,TRADICIONAL,ALPINA,LECHE LARGA VIDA,ALPINA,ENTERA,BOLSA,1001 - 1100 CC,5454.5455000000002,751.82090000000005,4100841.2880000002,0.75235211000000002,0.81240000000000001,45901,2025-09-01,2025-09-01,ANTIOQUIA | TRADICIONAL | ALPINA | LECHE LARGA VIDA | ALPINA | ENTERA | BOLSA | 1001 - 1100 CC
45870,ATLANTICO,HIPERMERCADOS,COLANTA,BEBIDAS LACTEAS,COLANTA,YOG CTE + REF LACTEO,BOTELLA,1000-1500 CC,12055.9357,556.99220000000003,6715062.1260000002,52.173913040000002,60.840800000000002,45870,2025-08-01,2025-08-01,ATLANTICO | HIPERMERCADOS | COLANTA | BEBIDAS LACTEAS | COLANTA | YOG CTE + REF LACTEO | BOTELLA | 1000-1500 CC
46023,ATLANTICO,HIPERMERCADOS,SAN MARTIN,BEBIDAS LACTEAS,SAN MARTIN,GRIEGO,BOTELLA,200-249 CC,38827.0939,241.53020000000001,9377915.7620000001,34.782608699999997,45.026899999999998,46023,2026-01-01,2026-01-01,ATLANTICO | HIPERMERCADOS | SAN MARTIN | BEBIDAS LACTEAS | SAN MARTIN | GRIEGO | BOTELLA | 200-249 CC
46023,ATLANTICO,HIPERMERCADOS,COLANTA,BEBIDAS LACTEAS,COLANTA,YOG CTE + REF LACTEO,BOTELLA,1000-1500 CC,14398.3637,410.4314,5909540.5779999997,52.173913040000002,61.202100000000002,46023,2026-01-01,2026-01-01,ATLANTICO | HIPERMERCADOS | COLANTA | BEBIDAS LACTEAS | COLANTA | YOG CTE + REF LACTEO | BOTELLA | 1000-1500 CC
46023,CUNDI/BOYACA,HIPERMERCADOS,FASALACT,BEBIDAS LACTEAS,SKETOS,GRIEGO,BOLSA,0 - 100CC,64539.065699999999,115.178,7433480.5060000001,60.9375,80.963499999999996,46023,2026-01-01,2026-01-01,CUNDI/BOYACA | HIPERMERCADOS | FASALACT | BEBIDAS LACTEAS | SKETOS | GRIEGO | BOLSA | 0 - 100CC
46023,CUNDI/BOYACA,HIPERMERCADOS,LACTEOS DE NARINO,BEBIDAS LACTEAS,COLACTEOS,YOG CTE + REF LACTEO,BOLSA,1000-1500 CC,8702.7263000000003,152.42910000000001,1326548.7379999999,21.875,35.707099999999997,46023,2026-01-01,2026-01-01,CUNDI/BOYACA | HIPERMERCADOS | LACTEOS DE NARINO | BEBIDAS LACTEAS | COLACTEOS | YOG CTE + REF LACTEO | BOLSA | 1000-1500 CC
46023,ANTIOQUIA,SUPER CADENA,COLANTA,BEBIDAS LACTEAS,COLANTA,LIGHT,BOTELLA,1000-1500 CC,19242.6021,7.7144000000000004,148445.13,0.32094421000000001,0.88739999999999997,46023,2026-01-01,2026-01-01,ANTIOQUIA | SUPER CADENA | COLANTA | BEBIDAS LACTEAS | COLANTA | LIGHT | BOTELLA | 1000-1500 CC
46023,PACIFICO,SUPER CADENA,OTROS FABRICANTES,BEBIDAS LACTEAS,OTRAS MARCAS,YOG CTE + REF LACTEO,BOTELLA,200-249 CC,30343.937099999999,1.1429,34680.085700000003,0.15390727000000001,0.38979999999999998,46023,2026-01-01,2026-01-01,PACIFICO | SUPER CADENA | OTROS FABRICANTES | BEBIDAS LACTEAS | OTRAS MARCAS | YOG CTE + REF LACTEO | BOTELLA | 200-249 CC
46023,EJE CAFETERO,SUPERETES,ALIVAL,BEBIDAS LACTEAS,SAN FERNANDO,AVENA,CAJA ASEPTICA,500-999 CC,7999.9978000000001,40.238500000000002,321907.91039999999,1.6354985500000001,7.0529000000000002,46023,2026-01-01,2026-01-01,EJE CAFETERO | SUPERETES | ALIVAL | BEBIDAS LACTEAS | SAN FERNANDO | AVENA | CAJA ASEPTICA | 500-999 CC
46023,SANTANDERES,SUPERETES,PRODUCTOS LACTEOS COLFRANCE,BEBIDAS LACTEAS,COLFRANCE,AVENA,BOLSA,200-249 CC,5791.6511,993.80520000000001,5755773.0269999998,2.92010842,20.1067,46023,2026-01-01,2026-01-01,SANTANDERES | SUPERETES | PRODUCTOS LACTEOS COLFRANCE | BEBIDAS LACTEAS | COLFRANCE | AVENA | BOLSA | 200-249 CC
46023,SANTANDERES,SUPERETES,OTROS FABRICANTES,BEBIDAS LACTEAS,OTRAS MARCAS,YOG CTE + REF LACTEO,VASO,150-199 CC,NA,NA,NA,0,NA,46023,2026-01-01,2026-01-01,SANTANDERES | SUPERETES | OTROS FABRICANTES | BEBIDAS LACTEAS | OTRAS MARCAS | YOG CTE + REF LACTEO | VASO | 150-199 CC
46023,ANTIOQUIA,CONS LOCAL,ALPINA,BEBIDAS LACTEAS,BON YURT,ADICIONES,VASO,150-199 CC,26584.418000000001,77249.37,2053629442.49,39.600019619999998,97.537599999999998,46023,2026-01-01,2026-01-01,ANTIOQUIA | CONS LOCAL | ALPINA | BEBIDAS LACTEAS | BON YURT | ADICIONES | VASO | 150-199 CC
46023,CENTRO,CONS LOCAL,SURCOLAC,BEBIDAS LACTEAS,PUREZA,YOG CTE + REF LACTEO,BOLSA,150-199 CC,9204.0095999999994,358.36810000000003,3298423.4330000002,4.5465413300000002,16.770199999999999,46023,2026-01-01,2026-01-01,CENTRO | CONS LOCAL | SURCOLAC | BEBIDAS LACTEAS | PUREZA | YOG CTE + REF LACTEO | BOLSA | 150-199 CC
46023,EJE CAFETERO,CONS LOCAL,ALPINA,BEBIDAS LACTEAS,ALPINA,KUMIS,BOLSA,1000-1500 CC,NA,NA,NA,0,NA,46023,2026-01-01,2026-01-01,EJE CAFETERO | CONS LOCAL | ALPINA | BEBIDAS LACTEAS | ALPINA | KUMIS | BOLSA | 1000-1500 CC
46023,CUNDI/BOYACA,CONS LOCAL,ALPINA,BEBIDAS LACTEAS,REGENERIS,FUNCIONALES,VASO,150-199 CC,20902.026600000001,2737.2114999999999,57213267.57,6.4530389000000001,21.1264,46023,2026-01-01,2026-01-01,CUNDI/BOYACA | CONS LOCAL | ALPINA | BEBIDAS LACTEAS | REGENERIS | FUNCIONALES | VASO | 150-199 CC
46023,SANTANDERES,TRADICIONAL,GLORIA,BEBIDAS LACTEAS,ALGARRA,YOG CTE + REF LACTEO,VASO,150-199 CC,16457.874400000001,965.69740000000002,15893326.470000001,5.8077520099999997,11.946199999999999,46023,2026-01-01,2026-01-01,SANTANDERES | TRADICIONAL | GLORIA | BEBIDAS LACTEAS | ALGARRA | YOG CTE + REF LACTEO | VASO | 150-199 CC
46023,SANTANDERES,HIPERMERCADOS,ALPINA,LECHE SABORIZADA,ALPIN,CHOCOLATE,CAJA ASEPTICA,200-249 CC,17418.0069,342.28120000000001,5961856.2929999996,100,100,46023,2026-01-01,2026-01-01,SANTANDERES | HIPERMERCADOS | ALPINA | LECHE SABORIZADA | ALPIN | CHOCOLATE | CAJA ASEPTICA | 200-249 CC
46023,ANTIOQUIA,SUPER CADENA,CELEMA,LECHE SABORIZADA,CELEMA,CHOCOLATE,CAJA ASEPTICA,250-499 CC,34352.146099999998,16.883099999999999,579970.71799999999,1.28377684,4.8987999999999996,46023,2026-01-01,2026-01-01,ANTIOQUIA | SUPER CADENA | CELEMA | LECHE SABORIZADA | CELEMA | CHOCOLATE | CAJA ASEPTICA | 250-499 CC
46023,EJE CAFETERO,SUPER CADENA,ALPINA,LECHE SABORIZADA,ALPIN,CHOCOLATE,BOLSA,150-199 CC,12950.7714,4483.8307000000004,58069066.369999997,40.969163000000002,36.955800000000004,46023,2026-01-01,2026-01-01,EJE CAFETERO | SUPER CADENA | ALPINA | LECHE SABORIZADA | ALPIN | CHOCOLATE | BOLSA | 150-199 CC
46023,LLANOS,SUPER CADENA,COLANTA,LECHE SABORIZADA,FRESCOLANTA,FRESA,BOLSA,200-249 CC,8259.6165000000001,0.68569999999999998,5663.6189999999997,0.69227340000000004,0.81569999999999998,46023,2026-01-01,2026-01-01,LLANOS | SUPER CADENA | COLANTA | LECHE SABORIZADA | FRESCOLANTA | FRESA | BOLSA | 200-249 CC
46023,ATLANTICO,SUPERETES,ALPINA,LECHE SABORIZADA,ALPIN,CHOCOLATE,BOLSA,200-249 CC,11500.0003,107.31359999999999,1234106.4339999999,0.82482325000000001,18.015899999999998,46023,2026-01-01,2026-01-01,ATLANTICO | SUPERETES | ALPINA | LECHE SABORIZADA | ALPIN | CHOCOLATE | BOLSA | 200-249 CC
46023,CENTRO,SUPERETES,POSTOBON,LECHE SABORIZADA,BILAC,CHOCOLATE,BOLSA,200-249 CC,9499.9999000000007,60.771599999999999,577330.19240000006,2.2345568,2.0933999999999999,46023,2026-01-01,2026-01-01,CENTRO | SUPERETES | POSTOBON | LECHE SABORIZADA | BILAC | CHOCOLATE | BOLSA | 200-249 CC
46023,ATLANTICO,HIPERMERCADOS,PARMALAT,LECHE LARGA VIDA,PARMALAT,DESLACTOSADA,CAJA,751 - 900 CC,3959.3746999999998,3818.8553000000002,15120279.23,84.782608699999997,86.572299999999998,46023,2026-01-01,2026-01-01,ATLANTICO | HIPERMERCADOS | PARMALAT | LECHE LARGA VIDA | PARMALAT | DESLACTOSADA | CAJA | 751 - 900 CC
46023,ATLANTICO,SUPERETES,ALQUERIA,LECHE LARGA VIDA,ALQUERIA,DESCREMADA / DESLACTOSADA,BOLSA,1001 - 1100 CC,5727.2695000000003,47.908099999999997,274382.60220000002,1.42969364,3.7246999999999999,46023,2026-01-01,2026-01-01,ATLANTICO | SUPERETES | ALQUERIA | LECHE LARGA VIDA | ALQUERIA | DESCREMADA / DESLACTOSADA | BOLSA | 1001 - 1100 CC
46023,CUNDI/BOYACA,SUPERETES,COLANTA,LECHE LARGA VIDA,COLANTA,ENTERA,CAJA,901 - 1000 CC,5843.3554000000004,2042.097,11932698.49,5.0000450000000001,10.671099999999999,46023,2026-01-01,2026-01-01,CUNDI/BOYACA | SUPERETES | COLANTA | LECHE LARGA VIDA | COLANTA | ENTERA | CAJA | 901 - 1000 CC
46023,CUNDI/BOYACA,SUPERETES,PL,LECHE LARGA VIDA,PL,ENTERA,BOLSA,751 - 900 CC,3897.1478999999999,19471.511999999999,75883362.340000004,3.75865333,4.9306000000000001,46023,2026-01-01,2026-01-01,CUNDI/BOYACA | SUPERETES | PL | LECHE LARGA VIDA | PL | ENTERA | BOLSA | 751 - 900 CC
46023,PACIFICO,SUPERETES,ALQUERIA,LECHE LARGA VIDA,ALQUERIA,SEMI-DESCREMADA/DESLACTOSADA,BOLSA,901 - 1000 CC,7978.5767999999998,5216.0455000000002,41616619.590000004,0.84661355000000005,9.1448999999999998,46023,2026-01-01,2026-01-01,PACIFICO | SUPERETES | ALQUERIA | LECHE LARGA VIDA | ALQUERIA | SEMI-DESCREMADA/DESLACTOSADA | BOLSA | 901 - 1000 CC
46023,ANTIOQUIA,SUPER CADENA,ALPINA,LECHE LARGA VIDA,ALPINA,ENTERA,BOLSA,1001 - 1100 CC,6310.0173000000004,4938.1259,31159659.75,9.5627573800000008,13.7552,46023,2026-01-01,2026-01-01,ANTIOQUIA | SUPER CADENA | ALPINA | LECHE LARGA VIDA | ALPINA | ENTERA | BOLSA | 1001 - 1100 CC
46023,CENTRO,TRADICIONAL,EL RECREO,LECHE LARGA VIDA,EL RECREO,ENTERA,CAJA,751 - 900 CC,5444.4443000000001,1486.4852000000001,8093085.858,0.40254874000000002,4.4542000000000002,46023,2026-01-01,2026-01-01,CENTRO | TRADICIONAL | EL RECREO | LECHE LARGA VIDA | EL RECREO | ENTERA | CAJA | 751 - 900 CC
46023,ANTIOQUIA,TRADICIONAL,ALPINA,LECHE LARGA VIDA,ALPINA,ENTERA,BOLSA,1001 - 1100 CC,5454.5454,2225.1995999999999,12137452.25,0.74173310999999997,0.72540000000000004,46023,2026-01-01,2026-01-01,ANTIOQUIA | TRADICIONAL | ALPINA | LECHE LARGA VIDA | ALPINA | ENTERA | BOLSA | 1001 - 1100 CC
46023,ANTIOQUIA,TRADICIONAL,ALPINA,QUESOS,ALPINA,MADUROS,BLOQUE/ENTERO,200-299 GRS,NA,NA,NA,0,NA,46023,2026-01-01,2026-01-01,ANTIOQUIA | TRADICIONAL | ALPINA | QUESOS | ALPINA | MADUROS | BLOQUE/ENTERO | 200-299 GRS
46023,CUNDI/BOYACA,TRADICIONAL,COLANTA,QUESOS,COLANTA,FILADOS,BLOQUE/ENTERO,500-999 GRS,39099.996700000003,563.27350000000001,22023992.02,0.21208943999999999,4.1124999999999998,46023,2026-01-01,2026-01-01,CUNDI/BOYACA | TRADICIONAL | COLANTA | QUESOS | COLANTA | FILADOS | BLOQUE/ENTERO | 500-999 GRS
46023,ANTIOQUIA,HIPERMERCADOS,LA FLORIDA,QUESOS,LA FLORIDA,FILADOS,RALLADO/MOLIDO,300-499 GRS,61414.025000000001,98.957899999999995,6077402.949,85.185185189999999,96.588899999999995,46023,2026-01-01,2026-01-01,ANTIOQUIA | HIPERMERCADOS | LA FLORIDA | QUESOS | LA FLORIDA | FILADOS | RALLADO/MOLIDO | 300-499 GRS
46023,ATLANTICO,HIPERMERCADOS,ALPINA,QUESOS,ALPINA,FRESCOS,BLOQUE/ENTERO,300-499 GRS,31488.402099999999,495.37819999999999,15598667.93,100,100,46023,2026-01-01,2026-01-01,ATLANTICO | HIPERMERCADOS | ALPINA | QUESOS | ALPINA | FRESCOS | BLOQUE/ENTERO | 300-499 GRS
46023,CENTRO,HIPERMERCADOS,PL,QUESOS,PL,FILADOS,BLOQUE/ENTERO,1000-2000 GRS,40312.499400000001,34.857399999999998,1405188.916,36.363636360000001,14.907999999999999,46023,2026-01-01,2026-01-01,CENTRO | HIPERMERCADOS | PL | QUESOS | PL | FILADOS | BLOQUE/ENTERO | 1000-2000 GRS
46023,SANTANDERES,HIPERMERCADOS,COLANTA,QUESOS,COLANTA,OTROS TIPOS,CREMA/ESPARCIBLE,100-199 GRS,26956.5674,193.0943,5205159.5209999997,31.25,42.243499999999997,46023,2026-01-01,2026-01-01,SANTANDERES | HIPERMERCADOS | COLANTA | QUESOS | COLANTA | OTROS TIPOS | CREMA/ESPARCIBLE | 100-199 GRS
46023,ATLANTICO,SUPER CADENA,LACTEOS EL ZARZAL,QUESOS,EL ZARZAL,ESPARCIBLES,CREMA/ESPARCIBLE,200-299 GRS,23071.7994,15.574400000000001,359329.4326,8.6635740000000003E-2,0.13919999999999999,46023,2026-01-01,2026-01-01,ATLANTICO | SUPER CADENA | LACTEOS EL ZARZAL | QUESOS | EL ZARZAL | ESPARCIBLES | CREMA/ESPARCIBLE | 200-299 GRS
46023,ANTIOQUIA,SUPER CADENA,OTROS FABRICANTES,QUESOS,OTRAS MARCAS,AMARILLOS,BLOQUE/ENTERO,1000-2000 GRS,69182.272800000006,75.075100000000006,5193866.0489999996,0.96283262999999997,6.4794999999999998,46023,2026-01-01,2026-01-01,ANTIOQUIA | SUPER CADENA | OTROS FABRICANTES | QUESOS | OTRAS MARCAS | AMARILLOS | BLOQUE/ENTERO | 1000-2000 GRS
46023,ANTIOQUIA,SUPER CADENA,COLANTA,QUESOS,COLANTA,MADUROS,BLOQUE/ENTERO,1000-2000 GRS,119128.1492,75.867500000000007,9037954.8579999991,2.8884978800000001,14.2965,46023,2026-01-01,2026-01-01,ANTIOQUIA | SUPER CADENA | COLANTA | QUESOS | COLANTA | MADUROS | BLOQUE/ENTERO | 1000-2000 GRS
46023,ANTIOQUIA,SUPER CADENA,COLANTA,QUESOS,COLANTA,MADUROS,BLOQUE/ENTERO,1000-2000 GRS,114900.0113,100.32,11526769.140000001,3.10246069,15.049899999999999,46023,2026-01-01,2026-01-01,ANTIOQUIA | SUPER CADENA | COLANTA | QUESOS | COLANTA | MADUROS | BLOQUE/ENTERO | 1000-2000 GRS
46023,ANTIOQUIA,SUPER CADENA,COLANTA,QUESOS,COLANTA,MADUROS,BLOQUE/ENTERO,1000-2000 GRS,48640.657599999999,277.5942,13502364.43,3.3164235,16.470700000000001,46023,2026-01-01,2026-01-01,ANTIOQUIA | SUPER CADENA | COLANTA | QUESOS | COLANTA | MADUROS | BLOQUE/ENTERO | 1000-2000 GRS
46023,ANTIOQUIA,SUPER CADENA,COLANTA,QUESOS,COLANTA,MADUROS,BLOQUE/ENTERO,1000-2000 GRS,81404.741099999999,130.2518,10603114.060000001,3.10246069,16.0947,46023,2026-01-01,2026-01-01,ANTIOQUIA | SUPER CADENA | COLANTA | QUESOS | COLANTA | MADUROS | BLOQUE/ENTERO | 1000-2000 GRS
46023,ANTIOQUIA,SUPER CADENA,COLANTA,QUESOS,COLANTA,MADUROS,BLOQUE/ENTERO,1000-2000 GRS,105884.7427,213.95689999999999,22654771.289999999,3.20944209,16.303699999999999,46023,2026-01-01,2026-01-01,ANTIOQUIA | SUPER CADENA | COLANTA | QUESOS | COLANTA | MADUROS | BLOQUE/ENTERO | 1000-2000 GRS
46023,ANTIOQUIA,SUPER CADENA,COLANTA,QUESOS,COLANTA,MADUROS,BLOQUE/ENTERO,1000-2000 GRS,97743.162299999996,99.799000000000007,9754669.8579999991,3.10246069,16.0947,46023,2026-01-01,2026-01-01,ANTIOQUIA | SUPER CADENA | COLANTA | QUESOS | COLANTA | MADUROS | BLOQUE/ENTERO | 1000-2000 GRS
46023,ANTIOQUIA,SUPER CADENA,COLANTA,QUESOS,COLANTA,MADUROS,BLOQUE/ENTERO,1000-2000 GRS,145628.23069999999,29.325900000000001,4270678.932,1.71170245,7.9920999999999998,46023,2026-01-01,2026-01-01,ANTIOQUIA | SUPER CADENA | COLANTA | QUESOS | COLANTA | MADUROS | BLOQUE/ENTERO | 1000-2000 GRS
46023,ANTIOQUIA,SUPER CADENA,COLANTA,QUESOS,COLANTA,MADUROS,BLOQUE/ENTERO,1000-2000 GRS,100802.2988,67.4649,6800617.0070000002,1.81868385,8.4001000000000001,46023,2026-01-01,2026-01-01,ANTIOQUIA | SUPER CADENA | COLANTA | QUESOS | COLANTA | MADUROS | BLOQUE/ENTERO | 1000-2000 GRS
46023,EJE CAFETERO,SUPER CADENA,COLANTA,QUESOS,COLANTA,FILADOS,TROZOS,300-499 GRS,55984.196799999998,25.200199999999999,1410812.9550000001,1.10132159,4.952,46023,2026-01-01,2026-01-01,EJE CAFETERO | SUPER CADENA | COLANTA | QUESOS | COLANTA | FILADOS | TROZOS | 300-499 GRS
46023,EJE CAFETERO,SUPER CADENA,OTROS FABRICANTES,QUESOS,OTRAS MARCAS,FRESCOS,RALLADO/MOLIDO,300-499 GRS,25877.1086,68.971900000000005,1784793.3459999999,1.3215859000000001,4.7282000000000002,46023,2026-01-01,2026-01-01,EJE CAFETERO | SUPER CADENA | OTROS FABRICANTES | QUESOS | OTRAS MARCAS | FRESCOS | RALLADO/MOLIDO | 300-499 GRS
46023,EJE CAFETERO,SUPER CADENA,OTROS FABRICANTES,QUESOS,OTRAS MARCAS,FRESCOS,RALLADO/MOLIDO,300-499 GRS,45628.417800000003,45.214599999999997,2063070.6569999999,1.76211454,6.0026999999999999,46023,2026-01-01,2026-01-01,EJE CAFETERO | SUPER CADENA | OTROS FABRICANTES | QUESOS | OTRAS MARCAS | FRESCOS | RALLADO/MOLIDO | 300-499 GRS
46023,LLANOS,SUPER CADENA,LA FLORIDA,QUESOS,LA FLORIDA,OTROS TIPOS,BLOQUE/ENTERO,0-99 GRS,13801.213599999999,19.5944,270426.5,1.3845468000000001,2.7532000000000001,46023,2026-01-01,2026-01-01,LLANOS | SUPER CADENA | LA FLORIDA | QUESOS | LA FLORIDA | OTROS TIPOS | BLOQUE/ENTERO | 0-99 GRS
46023,LLANOS,SUPER CADENA,OTROS FABRICANTES,QUESOS,OTRAS MARCAS,OTROS TIPOS,TROZOS,100-199 GRS,80423.115000000005,2.6164999999999998,210427.08050000001,0.69227340000000004,4.9463999999999997,46023,2026-01-01,2026-01-01,LLANOS | SUPER CADENA | OTROS FABRICANTES | QUESOS | OTRAS MARCAS | OTROS TIPOS | TROZOS | 100-199 GRS
