date,serie_id,y,z_rob
2026-01-01,ATLANTICO | HIPERMERCADOS | PARMALAT | LECHE LARGA VIDA | PARMALAT | DESLACTOSADA | CAJA | 751 - 900 CC,3818.8553000000006,46.449080504377484
2025-08-01,ANTIOQUIA | SUPER CADENA | COLANTA | BEBIDAS LACTEAS | COLANTA | LIGHT | BOTELLA | 1000-1500 CC,113.9987,10.633255173894819
2025-12-01,CUNDI/BOYACA | TRADICIONAL | COLANTA | QUESOS | COLANTA | FILADOS | BLOQUE/ENTERO | 500-999 GRS,1490.4113,8.266318592687593
2025-12-01,ANTIOQUIA | SUPER CADENA | COLANTA | QUESOS | COLANTA | MADUROS | BLOQUE/ENTERO | 1000-2000 GRS,319.24109999999996,8.248248451594804
2026-01-01,ANTIOQUIA | SUPER CADENA | COLANTA | QUESOS | COLANTA | MADUROS | BLOQUE/ENTERO | 1000-2000 GRS,277.5942,6.918516750576302
2025-09-01,ANTIOQUIA | SUPER CADENA | COLANTA | BEBIDAS LACTEAS | COLANTA | LIGHT | BOTELLA | 1000-1500 CC,66.85829999999999,5.631365183250149
2026-01-01,ANTIOQUIA | SUPER CADENA | COLANTA | QUESOS | COLANTA | MADUROS | BLOQUE/ENTERO | 1000-2000 GRS,213.9569,4.886659993477337
2025-08-01,SANTANDERES | SUPERETES | OTROS FABRICANTES | BEBIDAS LACTEAS | OTRAS MARCAS | YOG CTE + REF LACTEO | VASO | 150-199 CC,31.0396,4.44904500457191
2026-01-01,CENTRO | TRADICIONAL | EL RECREO | LECHE LARGA VIDA | EL RECREO | ENTERA | CAJA | 751 - 900 CC,1486.4852,4.072434556133899
2025-10-01,EJE CAFETERO | SUPERETES | ALIVAL | BEBIDAS LACTEAS | SAN FERNANDO | AVENA | CAJA ASEPTICA | 500-999 CC,75.8984,3.897861666705279
2025-09-01,ANTIOQUIA | SUPERETES | POSTOBON | BEBIDAS LACTEAS | BILAC | AVENA | CAJA ASEPTICA | 200-249 CC,12.1088,3.1557109634024867
2025-09-01,ATLANTICO | SUPER CADENA | LACTEOS EL ZARZAL | QUESOS | EL ZARZAL | ESPARCIBLES | CREMA/ESPARCIBLE | 200-299 GRS,25.891900000000003,3.09968841088807
2026-01-01,EJE CAFETERO | SUPER CADENA | COLANTA | QUESOS | COLANTA | FILADOS | TROZOS | 300-499 GRS,25.2002,3.093612244606988
2025-10-01,CUNDI/BOYACA | SUPERETES | PL | LECHE LARGA VIDA | PL | ENTERA | BOLSA | 751 - 900 CC,15157.8333,-2.7668404362327874
2026-01-01,CENTRO | HIPERMERCADOS | PL | QUESOS | PL | FILADOS | BLOQUE/ENTERO | 1000-2000 GRS,34.85739999999999,2.7340291336217586
2025-10-01,CUNDI/BOYACA | HIPERMERCADOS | FASALACT | BEBIDAS LACTEAS | SKETOS | GRIEGO | BOLSA | 0 - 100CC,134.0665,2.733963984776758
2025-12-01,CENTRO | HIPERMERCADOS | PL | QUESOS | PL | FILADOS | BLOQUE/ENTERO | 1000-2000 GRS,34.142900000000004,2.6440684934100713
2025-12-01,ANTIOQUIA | SUPER CADENA | COLANTA | QUESOS | COLANTA | MADUROS | BLOQUE/ENTERO | 1000-2000 GRS,141.6479,2.577927060919401
2025-08-01,EJE CAFETERO | CONS LOCAL | ALPINA | BEBIDAS LACTEAS | ALPINA | KUMIS | BOLSA | 1000-1500 CC,174.2867,2.5066089767497846
2025-11-01,SANTANDERES | TRADICIONAL | GLORIA | BEBIDAS LACTEAS | ALGARRA | YOG CTE + REF LACTEO | VASO | 150-199 CC,1116.9186000000002,2.480367232694802
2026-01-01,SANTANDERES | HIPERMERCADOS | COLANTA | QUESOS | COLANTA | OTROS TIPOS | CREMA/ESPARCIBLE | 100-199 GRS,193.0943,2.438337089082166
2025-12-01,ANTIOQUIA | HIPERMERCADOS | LA FLORIDA | QUESOS | LA FLORIDA | FILADOS | RALLADO/MOLIDO | 300-499 GRS,114.4851,2.252399591114483
2025-11-01,ANTIOQUIA | CONS LOCAL | ALPINA | BEBIDAS LACTEAS | BON YURT | ADICIONES | VASO | 150-199 CC,61948.9682,-2.23885492790123
2026-01-01,ANTIOQUIA | SUPER CADENA | COLANTA | QUESOS | COLANTA | MADUROS | BLOQUE/ENTERO | 1000-2000 GRS,130.2518,2.2140643139207774
2025-10-01,PACIFICO | SUPERETES | ALQUERIA | LECHE LARGA VIDA | ALQUERIA | SEMI-DESCREMADA/DESLACTOSADA | BOLSA | 901 - 1000 CC,6373.7717999999995,2.211210855750928
2025-11-01,ATLANTICO | HIPERMERCADOS | COLANTA | BEBIDAS LACTEAS | COLANTA | YOG CTE + REF LACTEO | BOTELLA | 1000-1500 CC,207.1409,-2.200425522363913
2025-08-01,ANTIOQUIA | CONS LOCAL | ALPINA | BEBIDAS LACTEAS | BON YURT | ADICIONES | VASO | 150-199 CC,83867.82740000001,2.0406547597981954
2025-11-01,PACIFICO | SUPERETES | ALQUERIA | LECHE LARGA VIDA | ALQUERIA | SEMI-DESCREMADA/DESLACTOSADA | BOLSA | 901 - 1000 CC,4107.8746,-2.005982601336341
2025-08-01,CUNDI/BOYACA | HIPERMERCADOS | LACTEOS DE NARINO | BEBIDAS LACTEAS | COLACTEOS | YOG CTE + REF LACTEO | BOLSA | 1000-1500 CC,106.2838,-1.9503403615656068
2026-01-01,SANTANDERES | TRADICIONAL | GLORIA | BEBIDAS LACTEAS | ALGARRA | YOG CTE + REF LACTEO | VASO | 150-199 CC,965.6974,1.9431481469185947
2025-11-01,CUNDI/BOYACA | HIPERMERCADOS | LACTEOS DE NARINO | BEBIDAS LACTEAS | COLACTEOS | YOG CTE + REF LACTEO | BOLSA | 1000-1500 CC,238.99830000000003,1.9293653449365635
2025-09-01,ANTIOQUIA | SUPER CADENA | COLANTA | QUESOS | COLANTA | MADUROS | BLOQUE/ENTERO | 1000-2000 GRS,1.65,-1.892024981273861
2025-12-01,SANTANDERES | HIPERMERCADOS | COLANTA | QUESOS | COLANTA | OTROS TIPOS | CREMA/ESPARCIBLE | 100-199 GRS,178.77899999999997,1.884398488272369
2025-08-01,ANTIOQUIA | SUPER CADENA | ALPINA | LECHE LARGA VIDA | ALPINA | ENTERA | BOLSA | 1001 - 1100 CC,4544.1435,-1.8477872217538973
2025-11-01,LLANOS | SUPER CADENA | LA FLORIDA | QUESOS | LA FLORIDA | OTROS TIPOS | BLOQUE/ENTERO | 0-99 GRS,30.856900000000003,1.79270576110319
2025-08-01,ATLANTICO | HIPERMERCADOS | ALPINA | QUESOS | ALPINA | FRESCOS | BLOQUE/ENTERO | 300-499 GRS,560.1877000000001,1.773644359725947
2025-12-01,LLANOS | SUPER CADENA | LA FLORIDA | QUESOS | LA FLORIDA | OTROS TIPOS | BLOQUE/ENTERO | 0-99 GRS,15.4289,-1.7570881760968011
2025-10-01,ANTIOQUIA | SUPER CADENA | COLANTA | QUESOS | COLANTA | MADUROS | BLOQUE/ENTERO | 1000-2000 GRS,6.0599,-1.7512225727315323
2025-08-01,CUNDI/BOYACA | HIPERMERCADOS | FASALACT | BEBIDAS LACTEAS | SKETOS | GRIEGO | BOLSA | 0 - 100CC,126.5694,1.701041295217467
2025-08-01,ANTIOQUIA | SUPER CADENA | COLANTA | QUESOS | COLANTA | MADUROS | BLOQUE/ENTERO | 1000-2000 GRS,8.2684,-1.680708021547666
2025-11-01,ATLANTICO | SUPER CADENA | LACTEOS EL ZARZAL | QUESOS | EL ZARZAL | ESPARCIBLES | CREMA/ESPARCIBLE | 200-299 GRS,21.685699999999997,1.6724249056633371
2025-08-01,CENTRO | CONS LOCAL | SURCOLAC | BEBIDAS LACTEAS | PUREZA | YOG CTE + REF LACTEO | BOLSA | 150-199 CC,252.85700000000003,-1.6157515160464853
2025-09-01,CUNDI/BOYACA | SUPERETES | COLANTA | LECHE LARGA VIDA | COLANTA | ENTERA | CAJA | 901 - 1000 CC,2807.4374000000003,1.601098696005774
2025-10-01,ANTIOQUIA | SUPER CADENA | COLANTA | QUESOS | COLANTA | MADUROS | BLOQUE/ENTERO | 1000-2000 GRS,110.7925,1.5927540101615685
2025-11-01,ANTIOQUIA | HIPERMERCADOS | LA FLORIDA | QUESOS | LA FLORIDA | FILADOS | RALLADO/MOLIDO | 300-499 GRS,79.5855,-1.574158980546447
2025-12-01,ANTIOQUIA | SUPER CADENA | COLANTA | QUESOS | COLANTA | MADUROS | BLOQUE/ENTERO | 1000-2000 GRS,14.41,-1.4846146697021445
2025-09-01,CENTRO | SUPERETES | POSTOBON | LECHE SABORIZADA | BILAC | CHOCOLATE | BOLSA | 200-249 CC,133.493,1.4806643390580165
2025-11-01,ANTIOQUIA | SUPER CADENA | COLANTA | QUESOS | COLANTA | MADUROS | BLOQUE/ENTERO | 1000-2000 GRS,16.1485,-1.429106611185888
2025-08-01,SANTANDERES | HIPERMERCADOS | ALPINA | LECHE SABORIZADA | ALPIN | CHOCOLATE | CAJA ASEPTICA | 200-249 CC,537.9558999999999,1.4005032124084849
2025-09-01,CUNDI/BOYACA | CONS LOCAL | ALPINA | BEBIDAS LACTEAS | REGENERIS | FUNCIONALES | VASO | 150-199 CC,1730.0803999999998,-1.3765880996626234
2025-08-01,ATLANTICO | HIPERMERCADOS | COLANTA | BEBIDAS LACTEAS | COLANTA | YOG CTE + REF LACTEO | BOTELLA | 1000-1500 CC,556.9921999999999,1.3400794363058093
2025-12-01,CUNDI/BOYACA | SUPERETES | COLANTA | LECHE LARGA VIDA | COLANTA | ENTERA | CAJA | 901 - 1000 CC,1091.576,-1.3398401336402657
2025-08-01,CUNDI/BOYACA | SUPERETES | PL | LECHE LARGA VIDA | PL | ENTERA | BOLSA | 751 - 900 CC,26104.2906,1.3119461672535784
2025-09-01,CENTRO | TRADICIONAL | EL RECREO | LECHE LARGA VIDA | EL RECREO | ENTERA | CAJA | 751 - 900 CC,661.9375999999999,-1.311133206996787
2025-10-01,CUNDI/BOYACA | TRADICIONAL | COLANTA | QUESOS | COLANTA | FILADOS | BLOQUE/ENTERO | 500-999 GRS,720.0255999999999,1.2938774859260163
2025-12-01,ANTIOQUIA | SUPER CADENA | COLANTA | QUESOS | COLANTA | MADUROS | BLOQUE/ENTERO | 1000-2000 GRS,101.4291,1.2937927475149689
2026-01-01,ATLANTICO | SUPERETES | ALQUERIA | LECHE LARGA VIDA | ALQUERIA | DESCREMADA / DESLACTOSADA | BOLSA | 1001 - 1100 CC,47.908100000000005,-1.2746526529125441
2026-01-01,ANTIOQUIA | SUPER CADENA | COLANTA | QUESOS | COLANTA | MADUROS | BLOQUE/ENTERO | 1000-2000 GRS,100.32,1.2583806176901888
2025-09-01,PACIFICO | SUPERETES | ALQUERIA | LECHE LARGA VIDA | ALQUERIA | SEMI-DESCREMADA/DESLACTOSADA | BOLSA | 901 - 1000 CC,4513.689,-1.250697748840916
2026-01-01,ANTIOQUIA | SUPER CADENA | COLANTA | QUESOS | COLANTA | MADUROS | BLOQUE/ENTERO | 1000-2000 GRS,99.799,1.241745760924604
2025-11-01,EJE CAFETERO | SUPER CADENA | COLANTA | QUESOS | COLANTA | FILADOS | TROZOS | 300-499 GRS,9.7071,-1.2410288644218952
2026-01-01,EJE CAFETERO | SUPER CADENA | ALPINA | LECHE SABORIZADA | ALPIN | CHOCOLATE | BOLSA | 150-199 CC,4483.8306999999995,-1.2269918315439634
2025-09-01,ATLANTICO | HIPERMERCADOS | ALPINA | QUESOS | ALPINA | FRESCOS | BLOQUE/ENTERO | 300-499 GRS,534.063,1.2198624785600998
2025-12-01,EJE CAFETERO | SUPERETES | ALIVAL | BEBIDAS LACTEAS | SAN FERNANDO | AVENA | CAJA ASEPTICA | 500-999 CC,52.0399,1.2193766825221366
2025-11-01,ANTIOQUIA | SUPER CADENA | COLANTA | QUESOS | COLANTA | MADUROS | BLOQUE/ENTERO | 1000-2000 GRS,98.6239,1.2042263363847983
2025-08-01,CUNDI/BOYACA | CONS LOCAL | ALPINA | BEBIDAS LACTEAS | REGENERIS | FUNCIONALES | VASO | 150-199 CC,1890.4303,-1.1995811998197934
2025-08-01,ATLANTICO | HIPERMERCADOS | PARMALAT | LECHE LARGA VIDA | PARMALAT | DESLACTOSADA | CAJA | 751 - 900 CC,26.9995,-1.1971179361075726
2025-10-01,EJE CAFETERO | CONS LOCAL | ALPINA | BEBIDAS LACTEAS | ALPINA | KUMIS | BOLSA | 1000-1500 CC,40.0583,-1.191809929577451
2025-11-01,ANTIOQUIA | SUPER CADENA | COLANTA | QUESOS | COLANTA | MADUROS | BLOQUE/ENTERO | 1000-2000 GRS,97.9619,1.1830895318189298
2025-11-01,CUNDI/BOYACA | TRADICIONAL | COLANTA | QUESOS | COLANTA | FILADOS | BLOQUE/ENTERO | 500-999 GRS,448.6193,-1.1625082475501682
2026-01-01,CUNDI/BOYACA | SUPERETES | PL | LECHE LARGA VIDA | PL | ENTERA | BOLSA | 751 - 900 CC,19471.512,-1.159509917225101
2025-09-01,ANTIOQUIA | SUPER CADENA | COLANTA | QUESOS | COLANTA | MADUROS | BLOQUE/ENTERO | 1000-2000 GRS,25.1832,-1.1406403147942747
2026-01-01,ANTIOQUIA | SUPER CADENA | OTROS FABRICANTES | QUESOS | OTRAS MARCAS | AMARILLOS | BLOQUE/ENTERO | 1000-2000 GRS,75.07509999999999,1.139470533563893
2025-11-01,ANTIOQUIA | TRADICIONAL | ALPINA | LECHE LARGA VIDA | ALPINA | ENTERA | BOLSA | 1001 - 1100 CC,2819.3284,1.1238940440300096
2025-12-01,ANTIOQUIA | SUPER CADENA | OTROS FABRICANTES | QUESOS | OTRAS MARCAS | AMARILLOS | BLOQUE/ENTERO | 1000-2000 GRS,74.5221,1.1208182527450508
2025-08-01,CENTRO | TRADICIONAL | EL RECREO | LECHE LARGA VIDA | EL RECREO | ENTERA | CAJA | 751 - 900 CC,1029.1566,1.0864826133743934
2025-11-01,ANTIOQUIA | SUPER CADENA | COLANTA | QUESOS | COLANTA | MADUROS | BLOQUE/ENTERO | 1000-2000 GRS,26.9301,-1.0848640551324698
2025-11-01,CENTRO | SUPERETES | POSTOBON | LECHE SABORIZADA | BILAC | CHOCOLATE | BOLSA | 200-249 CC,121.1794,1.0817493815224257
2025-12-01,SANTANDERES | TRADICIONAL | GLORIA | BEBIDAS LACTEAS | ALGARRA | YOG CTE + REF LACTEO | VASO | 150-199 CC,117.4743,-1.0701967962260155
2025-09-01,ANTIOQUIA | SUPER CADENA | COLANTA | QUESOS | COLANTA | MADUROS | BLOQUE/ENTERO | 1000-2000 GRS,94.189,1.0626257101473835
2026-01-01,ANTIOQUIA | SUPER CADENA | ALPINA | LECHE LARGA VIDA | ALPINA | ENTERA | BOLSA | 1001 - 1100 CC,4938.125900000001,-1.0611376904091743
2026-01-01,ANTIOQUIA | SUPER CADENA | COLANTA | QUESOS | COLANTA | MADUROS | BLOQUE/ENTERO | 1000-2000 GRS,29.3259,-1.0083692569770215
2025-11-01,SANTANDERES | SUPERETES | OTROS FABRICANTES | BEBIDAS LACTEAS | OTRAS MARCAS | YOG CTE + REF LACTEO | VASO | 150-199 CC,3.0852,-0.9949442219832684
2025-11-01,SANTANDERES | HIPERMERCADOS | ALPINA | LECHE SABORIZADA | ALPIN | CHOCOLATE | CAJA ASEPTICA | 200-249 CC,277.99449999999996,-0.990067683946711
2026-01-01,EJE CAFETERO | SUPER CADENA | OTROS FABRICANTES | QUESOS | OTRAS MARCAS | FRESCOS | RALLADO/MOLIDO | 300-499 GRS,68.9719,0.9645488884139014
2026-01-01,LLANOS | SUPER CADENA | COLANTA | LECHE SABORIZADA | FRESCOLANTA | FRESA | BOLSA | 200-249 CC,0.6857,0.963510049912316
2025-10-01,ANTIOQUIA | SUPER CADENA | OTROS FABRICANTES | QUESOS | OTRAS MARCAS | AMARILLOS | BLOQUE/ENTERO | 1000-2000 GRS,12.870500000000002,-0.9586445974013321
2025-09-01,SANTANDERES | HIPERMERCADOS | COLANTA | QUESOS | COLANTA | OTROS TIPOS | CREMA/ESPARCIBLE | 100-199 GRS,105.3239,-0.9579880014514647
2025-12-01,CUNDI/BOYACA | CONS LOCAL | ALPINA | BEBIDAS LACTEAS | REGENERIS | FUNCIONALES | VASO | 150-199 CC,3839.7051,0.9521824700655778
2025-09-01,SANTANDERES | HIPERMERCADOS | ALPINA | LECHE SABORIZADA | ALPIN | CHOCOLATE | CAJA ASEPTICA | 200-249 CC,488.9754999999999,0.950085886098363
2025-10-01,ATLANTICO | SUPER CADENA | LACTEOS EL ZARZAL | QUESOS | EL ZARZAL | ESPARCIBLES | CREMA/ESPARCIBLE | 200-299 GRS,13.9641,-0.9476972668304282
2025-08-01,ANTIOQUIA | SUPER CADENA | COLANTA | QUESOS | COLANTA | MADUROS | BLOQUE/ENTERO | 1000-2000 GRS,90.4855,0.9443777407973953
2025-09-01,ATLANTICO | HIPERMERCADOS | PARMALAT | LECHE LARGA VIDA | PARMALAT | DESLACTOSADA | CAJA | 751 - 900 CC,47.958,-0.9337659251964757
2025-08-01,EJE CAFETERO | SUPER CADENA | OTROS FABRICANTES | QUESOS | OTRAS MARCAS | FRESCOS | RALLADO/MOLIDO | 300-499 GRS,20.1426,-0.8954502442267009
2025-10-01,ATLANTICO | HIPERMERCADOS | SAN MARTIN | BEBIDAS LACTEAS | SAN MARTIN | GRIEGO | BOTELLA | 200-249 CC,395.6797,0.8868733511227966
2025-08-01,ATLANTICO | SUPERETES | ALQUERIA | LECHE LARGA VIDA | ALQUERIA | DESCREMADA / DESLACTOSADA | BOLSA | 1001 - 1100 CC,71.1101,-0.8841187134714121
2026-01-01,CENTRO | SUPERETES | POSTOBON | LECHE SABORIZADA | BILAC | CHOCOLATE | BOLSA | 200-249 CC,60.7716,-0.8752392304040998
2026-01-01,LLANOS | SUPER CADENA | OTROS FABRICANTES | QUESOS | OTRAS MARCAS | OTROS TIPOS | TROZOS | 100-199 GRS,2.6165,0.8723334882821794
2025-10-01,ANTIOQUIA | SUPER CADENA | ALPINA | LECHE LARGA VIDA | ALPINA | ENTERA | BOLSA | 1001 - 1100 CC,5902.2631,0.8639180393188833
2025-12-01,EJE CAFETERO | SUPER CADENA | OTROS FABRICANTES | QUESOS | OTRAS MARCAS | FRESCOS | RALLADO/MOLIDO | 300-499 GRS,66.17179999999999,0.857887855564629
2025-11-01,ATLANTICO | HIPERMERCADOS | SAN MARTIN | BEBIDAS LACTEAS | SAN MARTIN | GRIEGO | BOTELLA | 200-249 CC,175.5278,-0.8384784920868145
2025-09-01,ANTIOQUIA | TRADICIONAL | ALPINA | LECHE LARGA VIDA | ALPINA | ENTERA | BOLSA | 1001 - 1100 CC,751.8208999999999,-0.8186650460213254
2025-12-01,ATLANTICO | HIPERMERCADOS | SAN MARTIN | BEBIDAS LACTEAS | SAN MARTIN | GRIEGO | BOTELLA | 200-249 CC,179.33230000000003,-0.8086622557177847
2025-09-01,LLANOS | SUPER CADENA | OTROS FABRICANTES | QUESOS | OTRAS MARCAS | OTROS TIPOS | TROZOS | 100-199 GRS,2.5457,0.8024718164645468
2026-01-01,LLANOS | SUPER CADENA | LA FLORIDA | QUESOS | LA FLORIDA | OTROS TIPOS | BLOQUE/ENTERO | 0-99 GRS,19.5944,-0.79865761831831
2025-09-01,EJE CAFETERO | SUPERETES | ALIVAL | BEBIDAS LACTEAS | SAN FERNANDO | AVENA | CAJA ASEPTICA | 500-999 CC,34.1916,-0.7843705582178927
2025-10-01,ANTIOQUIA | TRADICIONAL | ALPINA | LECHE LARGA VIDA | ALPINA | ENTERA | BOLSA | 1001 - 1100 CC,789.4495,-0.7833105048765384
2025-10-01,CENTRO | CONS LOCAL | SURCOLAC | BEBIDAS LACTEAS | PUREZA | YOG CTE + REF LACTEO | BOLSA | 150-199 CC,326.64930000000004,-0.7778162351853082
2025-10-01,ANTIOQUIA | SUPER CADENA | COLANTA | QUESOS | COLANTA | MADUROS | BLOQUE/ENTERO | 1000-2000 GRS,37.1495,-0.7585718186061372
2025-09-01,CENTRO | HIPERMERCADOS | PL | QUESOS | PL | FILADOS | BLOQUE/ENTERO | 1000-2000 GRS,7.142899999999999,-0.7554238588860753
2025-12-01,ATLANTICO | HIPERMERCADOS | ALPINA | QUESOS | ALPINA | FRESCOS | BLOQUE/ENTERO | 300-499 GRS,441.0564,-0.7516575736831542
2025-12-01,ANTIOQUIA | SUPER CADENA | COLANTA | QUESOS | COLANTA | MADUROS | BLOQUE/ENTERO | 1000-2000 GRS,84.3822,0.749507258460745
2026-01-01,ANTIOQUIA | CONS LOCAL | ALPINA | BEBIDAS LACTEAS | BON YURT | ADICIONES | VASO | 150-199 CC,77249.37000000001,0.7484455119315939
2025-12-01,CUNDI/BOYACA | HIPERMERCADOS | LACTEOS DE NARINO | BEBIDAS LACTEAS | COLACTEOS | YOG CTE + REF LACTEO | BOLSA | 1000-1500 CC,198.5742,0.7476285230353057
2025-12-01,EJE CAFETERO | SUPER CADENA | ALPINA | LECHE SABORIZADA | ALPIN | CHOCOLATE | BOLSA | 150-199 CC,4992.1319,-0.7297493529479757
2025-09-01,EJE CAFETERO | SUPER CADENA | ALPINA | LECHE SABORIZADA | ALPIN | CHOCOLATE | BOLSA | 150-199 CC,6476.718,0.7225377399275662
2025-12-01,EJE CAFETERO | SUPER CADENA | COLANTA | QUESOS | COLANTA | FILADOS | TROZOS | 300-499 GRS,16.7143,0.7194372255915429
2025-10-01,EJE CAFETERO | SUPER CADENA | OTROS FABRICANTES | QUESOS | OTRAS MARCAS | FRESCOS | RALLADO/MOLIDO | 300-499 GRS,24.7712,-0.7191382351391186
2025-09-01,ATLANTICO | HIPERMERCADOS | COLANTA | BEBIDAS LACTEAS | COLANTA | YOG CTE + REF LACTEO | BOTELLA | 1000-1500 CC,495.1507,0.7142417235359169
2025-10-01,LLANOS | SUPER CADENA | OTROS FABRICANTES | QUESOS | OTRAS MARCAS | OTROS TIPOS | TROZOS | 100-199 GRS,1.0134999999999998,-0.7094215953854117
2025-11-01,ANTIOQUIA | SUPER CADENA | COLANTA | BEBIDAS LACTEAS | COLANTA | LIGHT | BOTELLA | 1000-1500 CC,7.142899999999999,-0.7048106138865433
2025-09-01,CENTRO | CONS LOCAL | SURCOLAC | BEBIDAS LACTEAS | PUREZA | YOG CTE + REF LACTEO | BOLSA | 150-199 CC,456.0512,0.6915839247293429
2025-10-01,ANTIOQUIA | HIPERMERCADOS | LA FLORIDA | QUESOS | LA FLORIDA | FILADOS | RALLADO/MOLIDO | 300-499 GRS,87.6844,-0.6861569628721842
2025-12-01,CUNDI/BOYACA | HIPERMERCADOS | FASALACT | BEBIDAS LACTEAS | SKETOS | GRIEGO | BOLSA | 0 - 100CC,109.2465,-0.6856437508625746
2025-11-01,EJE CAFETERO | SUPER CADENA | OTROS FABRICANTES | QUESOS | OTRAS MARCAS | FRESCOS | RALLADO/MOLIDO | 300-499 GRS,61.5998,0.6837318460696575
2025-10-01,ATLANTICO | SUPERETES | ALQUERIA | LECHE LARGA VIDA | ALQUERIA | DESCREMADA / DESLACTOSADA | BOLSA | 1001 - 1100 CC,164.22840000000002,0.683239985479591
2025-09-01,EJE CAFETERO | SUPER CADENA | OTROS FABRICANTES | QUESOS | OTRAS MARCAS | FRESCOS | RALLADO/MOLIDO | 300-499 GRS,25.7146,-0.6832023691379032
2025-08-01,CUNDI/BOYACA | SUPERETES | COLANTA | LECHE LARGA VIDA | COLANTA | ENTERA | CAJA | 901 - 1000 CC,2268.7859999999996,0.6778651423497488
2025-09-01,PACIFICO | CONS LOCAL | GLORIA | BEBIDAS LACTEAS | ALGARRA | YOG CTE + REF LACTEO | VASO | 150-199 CC,157.96820000000002,0.6744907594765954
2026-01-01,PACIFICO | SUPER CADENA | OTROS FABRICANTES | BEBIDAS LACTEAS | OTRAS MARCAS | YOG CTE + REF LACTEO | BOTELLA | 200-249 CC,1.1429,0.6744907594765953
2025-10-01,ANTIOQUIA | SUPERETES | POSTOBON | BEBIDAS LACTEAS | BILAC | AVENA | CAJA ASEPTICA | 200-249 CC,5.0047999999999995,-0.6744907594765952
2025-11-01,LLANOS | SUPER CADENA | COLANTA | LECHE SABORIZADA | FRESCOLANTA | FRESA | BOLSA | 200-249 CC,0.2,-0.6744907594765952
2025-12-01,PACIFICO | SUPER CADENA | OTROS FABRICANTES | BEBIDAS LACTEAS | OTRAS MARCAS | YOG CTE + REF LACTEO | BOTELLA | 200-249 CC,0.0571,-0.6744907594765952
2025-12-01,ATLANTICO | SUPERETES | ALPINA | LECHE SABORIZADA | ALPIN | CHOCOLATE | BOLSA | 200-249 CC,28.7444,-0.6744907594765952
2025-10-01,ANTIOQUIA | TRADICIONAL | ALPINA | QUESOS | ALPINA | MADUROS | BLOQUE/ENTERO | 200-299 GRS,0,-0.6744907594765952
2025-11-01,ANTIOQUIA | TRADICIONAL | ALPINA | QUESOS | ALPINA | MADUROS | BLOQUE/ENTERO | 200-299 GRS,7.7834,0.6744907594765952
2025-12-01,ANTIOQUIA | SUPER CADENA | COLANTA | QUESOS | COLANTA | MADUROS | BLOQUE/ENTERO | 1000-2000 GRS,82.03269999999999,0.6744907594765952
2026-01-01,ATLANTICO | SUPERETES | ALPINA | LECHE SABORIZADA | ALPIN | CHOCOLATE | BOLSA | 200-249 CC,107.3136,0.6744907594765952
2025-08-01,PACIFICO | CONS LOCAL | GLORIA | BEBIDAS LACTEAS | ALGARRA | YOG CTE + REF LACTEO | VASO | 150-199 CC,105.1459,-0.674490759476595
2025-10-01,CUNDI/BOYACA | SUPERETES | COLANTA | LECHE LARGA VIDA | COLANTA | ENTERA | CAJA | 901 - 1000 CC,1481.7362,-0.6711163766034417
2025-09-01,EJE CAFETERO | SUPER CADENA | OTROS FABRICANTES | QUESOS | OTRAS MARCAS | FRESCOS | RALLADO/MOLIDO | 300-499 GRS,26.172,-0.6657791498152873
2025-11-01,ATLANTICO | SUPERETES | ALQUERIA | LECHE LARGA VIDA | ALQUERIA | DESCREMADA / DESLACTOSADA | BOLSA | 1001 - 1100 CC,163.1888,0.6657415334735994
2025-09-01,CUNDI/BOYACA | HIPERMERCADOS | FASALACT | BEBIDAS LACTEAS | SKETOS | GRIEGO | BOLSA | 0 - 100CC,109.4084,-0.6633377680906157
2025-09-01,ANTIOQUIA | HIPERMERCADOS | LA FLORIDA | QUESOS | LA FLORIDA | FILADOS | RALLADO/MOLIDO | 300-499 GRS,99.9876,0.6628245560810062
2025-11-01,CENTRO | CONS LOCAL | SURCOLAC | BEBIDAS LACTEAS | PUREZA | YOG CTE + REF LACTEO | BOLSA | 150-199 CC,453.0406,0.6573975942238475
2026-01-01,ANTIOQUIA | SUPER CADENA | COLANTA | BEBIDAS LACTEAS | COLANTA | LIGHT | BOTELLA | 1000-1500 CC,7.7144,-0.6441709050666471
2025-11-01,LLANOS | SUPER CADENA | OTROS FABRICANTES | QUESOS | OTRAS MARCAS | OTROS TIPOS | TROZOS | 100-199 GRS,1.0843,-0.6395599235677787
2025-08-01,ANTIOQUIA | SUPER CADENA | COLANTA | QUESOS | COLANTA | MADUROS | BLOQUE/ENTERO | 1000-2000 GRS,40.9622,-0.6368372343640146
2025-10-01,ATLANTICO | HIPERMERCADOS | COLANTA | BEBIDAS LACTEAS | COLANTA | YOG CTE + REF LACTEO | BOTELLA | 1000-1500 CC,361.8525,-0.6347397954172734
2025-10-01,EJE CAFETERO | SUPER CADENA | COLANTA | QUESOS | COLANTA | FILADOS | TROZOS | 300-499 GRS,11.8927,-0.6295442933616475
2025-10-01,EJE CAFETERO | SUPER CADENA | ALPINA | LECHE SABORIZADA | ALPIN | CHOCOLATE | BOLSA | 150-199 CC,6378.4869,0.6264437790256241
2026-01-01,CUNDI/BOYACA | HIPERMERCADOS | LACTEOS DE NARINO | BEBIDAS LACTEAS | COLACTEOS | YOG CTE + REF LACTEO | BOLSA | 1000-1500 CC,152.4291,-0.6013529959178848
2025-12-01,ANTIOQUIA | CONS LOCAL | ALPINA | BEBIDAS LACTEAS | BON YURT | ADICIONES | VASO | 150-199 CC,70340.1355,-0.6005360070215966
2025-11-01,ATLANTICO | HIPERMERCADOS | ALPINA | QUESOS | ALPINA | FRESCOS | BLOQUE/ENTERO | 300-499 GRS,448.3371,-0.5973239452700362
2025-08-01,CENTRO | HIPERMERCADOS | PL | QUESOS | PL | FILADOS | BLOQUE/ENTERO | 1000-2000 GRS,8.4285,-0.5935576600671151
2025-09-01,CUNDI/BOYACA | HIPERMERCADOS | LACTEOS DE NARINO | BEBIDAS LACTEAS | COLACTEOS | YOG CTE + REF LACTEO | BOLSA | 1000-1500 CC,153.57399999999998,-0.567883593076641
2025-10-01,CUNDI/BOYACA | HIPERMERCADOS | LACTEOS DE NARINO | BEBIDAS LACTEAS | COLACTEOS | YOG CTE + REF LACTEO | BOLSA | 1000-1500 CC,192.4256,0.567883593076641
2026-01-01,ANTIOQUIA | TRADICIONAL | ALPINA | LECHE LARGA VIDA | ALPINA | ENTERA | BOLSA | 1001 - 1100 CC,2225.1996,0.5656710140766519
2025-08-01,EJE CAFETERO | SUPERETES | ALIVAL | BEBIDAS LACTEAS | SAN FERNANDO | AVENA | CAJA ASEPTICA | 500-999 CC,36.1491,-0.5646109607352978
2025-09-01,LLANOS | SUPER CADENA | LA FLORIDA | QUESOS | LA FLORIDA | OTROS TIPOS | BLOQUE/ENTERO | 0-99 GRS,25.4573,0.5503239006348806
2026-01-01,ANTIOQUIA | HIPERMERCADOS | LA FLORIDA | QUESOS | LA FLORIDA | FILADOS | RALLADO/MOLIDO | 300-499 GRS,98.9579,0.5499233376934235
2025-08-01,ANTIOQUIA | HIPERMERCADOS | LA FLORIDA | QUESOS | LA FLORIDA | FILADOS | RALLADO/MOLIDO | 300-499 GRS,88.9269,-0.5499233376934219
2025-08-01,ATLANTICO | HIPERMERCADOS | SAN MARTIN | BEBIDAS LACTEAS | SAN MARTIN | GRIEGO | BOTELLA | 200-249 CC,351.46,0.5403192632354057
2025-11-01,EJE CAFETERO | SUPER CADENA | ALPINA | LECHE SABORIZADA | ALPIN | CHOCOLATE | BOLSA | 150-199 CC,5196.3348,-0.5299891396482862
2025-08-01,EJE CAFETERO | SUPER CADENA | ALPINA | LECHE SABORIZADA | ALPIN | CHOCOLATE | BOLSA | 150-199 CC,6279.8871,0.5299891396482853
2025-09-01,ANTIOQUIA | SUPER CADENA | ALPINA | LECHE LARGA VIDA | ALPINA | ENTERA | BOLSA | 1001 - 1100 CC,5712.5191,0.48506347963430707
2026-01-01,ANTIOQUIA | SUPER CADENA | COLANTA | QUESOS | COLANTA | MADUROS | BLOQUE/ENTERO | 1000-2000 GRS,75.8675,0.4776438901269133
2025-12-01,CENTRO | SUPERETES | POSTOBON | LECHE SABORIZADA | BILAC | CHOCOLATE | BOLSA | 200-249 CC,73.1649,-0.4737422885490907
2025-08-01,ANTIOQUIA | TRADICIONAL | ALPINA | LECHE LARGA VIDA | ALPINA | ENTERA | BOLSA | 1001 - 1100 CC,2118.5561,0.4654724414862793
2025-12-01,ANTIOQUIA | TRADICIONAL | ALPINA | LECHE LARGA VIDA | ALPINA | ENTERA | BOLSA | 1001 - 1100 CC,1127.7314,-0.4654724414862791
2025-10-01,ANTIOQUIA | SUPER CADENA | COLANTA | BEBIDAS LACTEAS | COLANTA | LIGHT | BOTELLA | 1000-1500 CC,17.999399999999998,0.4471316412371686
2025-12-01,ANTIOQUIA | SUPER CADENA | COLANTA | BEBIDAS LACTEAS | COLANTA | LIGHT | BOTELLA | 1000-1500 CC,9.5714,-0.4471316412371686
2025-10-01,CENTRO | HIPERMERCADOS | PL | QUESOS | PL | FILADOS | BLOQUE/ENTERO | 1000-2000 GRS,16.5714,0.431691461248155
2025-11-01,CENTRO | HIPERMERCADOS | PL | QUESOS | PL | FILADOS | BLOQUE/ENTERO | 1000-2000 GRS,9.714099999999998,-0.431691461248155
2025-10-01,ANTIOQUIA | SUPER CADENA | COLANTA | QUESOS | COLANTA | MADUROS | BLOQUE/ENTERO | 1000-2000 GRS,74.1291,0.42213902448143703
2026-01-01,CENTRO | CONS LOCAL | SURCOLAC | BEBIDAS LACTEAS | PUREZA | YOG CTE + REF LACTEO | BOLSA | 150-199 CC,358.36809999999997,-0.41763906783072724
2025-12-01,CENTRO | CONS LOCAL | SURCOLAC | BEBIDAS LACTEAS | PUREZA | YOG CTE + REF LACTEO | BOLSA | 150-199 CC,431.92639999999994,0.4176390678307266
2025-12-01,ATLANTICO | HIPERMERCADOS | PARMALAT | LECHE LARGA VIDA | PARMALAT | DESLACTOSADA | CAJA | 751 - 900 CC,155.3148,0.41521559375671474
2025-09-01,ANTIOQUIA | SUPER CADENA | COLANTA | QUESOS | COLANTA | MADUROS | BLOQUE/ENTERO | 1000-2000 GRS,47.934,-0.414236669300089
2025-11-01,EJE CAFETERO | SUPER CADENA | OTROS FABRICANTES | QUESOS | OTRAS MARCAS | FRESCOS | RALLADO/MOLIDO | 300-499 GRS,33.042500000000004,-0.40406898725290635
2026-01-01,ATLANTICO | SUPER CADENA | LACTEOS EL ZARZAL | QUESOS | EL ZARZAL | ESPARCIBLES | CREMA/ESPARCIBLE | 200-299 GRS,15.5744,-0.40128425212276225
2025-10-01,ATLANTICO | HIPERMERCADOS | ALPINA | QUESOS | ALPINA | FRESCOS | BLOQUE/ENTERO | 300-499 GRS,457.6536,-0.3998361694914978
2026-01-01,ATLANTICO | HIPERMERCADOS | ALPINA | QUESOS | ALPINA | FRESCOS | BLOQUE/ENTERO | 300-499 GRS,495.3782,0.3998361694914978
2026-01-01,SANTANDERES | HIPERMERCADOS | ALPINA | LECHE SABORIZADA | ALPIN | CHOCOLATE | CAJA ASEPTICA | 200-249 CC,342.28119999999996,-0.39889563285482743
2025-11-01,CUNDI/BOYACA | CONS LOCAL | ALPINA | BEBIDAS LACTEAS | REGENERIS | FUNCIONALES | VASO | 150-199 CC,3336.5853,0.39679904888761264
2025-11-01,ANTIOQUIA | SUPER CADENA | ALPINA | LECHE LARGA VIDA | ALPINA | ENTERA | BOLSA | 1001 - 1100 CC,5272.0187,-0.39446675627766015
2025-12-01,ANTIOQUIA | SUPER CADENA | ALPINA | LECHE LARGA VIDA | ALPINA | ENTERA | BOLSA | 1001 - 1100 CC,5667.145,0.3944667562776583
2025-08-01,ANTIOQUIA | SUPER CADENA | COLANTA | QUESOS | COLANTA | MADUROS | BLOQUE/ENTERO | 1000-2000 GRS,48.5533,-0.39446322055742716
2025-10-01,SANTANDERES | HIPERMERCADOS | ALPINA | LECHE SABORIZADA | ALPIN | CHOCOLATE | CAJA ASEPTICA | 200-249 CC,428.5056,0.3940126265855707
2025-12-01,SANTANDERES | HIPERMERCADOS | ALPINA | LECHE SABORIZADA | ALPIN | CHOCOLATE | CAJA ASEPTICA | 200-249 CC,342.8122,-0.3940126265855707
2025-10-01,SANTANDERES | HIPERMERCADOS | COLANTA | QUESOS | COLANTA | OTROS TIPOS | CREMA/ESPARCIBLE | 100-199 GRS,119.9766,-0.3909935175017258
2025-09-01,ANTIOQUIA | SUPER CADENA | OTROS FABRICANTES | QUESOS | OTRAS MARCAS | AMARILLOS | BLOQUE/ENTERO | 1000-2000 GRS,29.7196,-0.3903369215518583
2025-09-01,ANTIOQUIA | SUPER CADENA | COLANTA | QUESOS | COLANTA | MADUROS | BLOQUE/ENTERO | 1000-2000 GRS,48.715300000000006,-0.38929076989327194
2025-08-01,ANTIOQUIA | SUPER CADENA | COLANTA | QUESOS | COLANTA | MADUROS | BLOQUE/ENTERO | 1000-2000 GRS,49.0849,-0.3774899194891259
2025-08-01,LLANOS | SUPER CADENA | LA FLORIDA | QUESOS | LA FLORIDA | OTROS TIPOS | BLOQUE/ENTERO | 0-99 GRS,21.445499999999996,-0.3727421686715064
2025-10-01,LLANOS | SUPER CADENA | LA FLORIDA | QUESOS | LA FLORIDA | OTROS TIPOS | BLOQUE/ENTERO | 0-99 GRS,24.6855,0.37274216867150556
2025-08-01,ANTIOQUIA | SUPER CADENA | COLANTA | QUESOS | COLANTA | MADUROS | BLOQUE/ENTERO | 1000-2000 GRS,49.3791,-0.3680964936533579
2025-10-01,EJE CAFETERO | SUPER CADENA | OTROS FABRICANTES | QUESOS | OTRAS MARCAS | FRESCOS | RALLADO/MOLIDO | 300-499 GRS,53.2565,0.36591998386069
2025-08-01,LLANOS | SUPER CADENA | OTROS FABRICANTES | QUESOS | OTRAS MARCAS | OTROS TIPOS | TROZOS | 100-199 GRS,1.3671,-0.3605079350080814
2025-12-01,LLANOS | SUPER CADENA | OTROS FABRICANTES | QUESOS | OTRAS MARCAS | OTROS TIPOS | TROZOS | 100-199 GRS,2.0978,0.3605079350080812
